rooms,cafe_count,cafe_present,restaurant_count,restaurant_present,bar_count,bar_present,pub_count,pub_present,fast_food_count,fast_food_present,school_count,school_present,university_count,university_present,library_count,library_present,hospital_count,hospital_present,clinic_count,clinic_present,pharmacy_count,pharmacy_present,bank_count,bank_present,atm_count,atm_present,bus_station_count,bus_station_present,parking_count,parking_present,total_amenities,area_numeric,price_numeric
4.5,5,1,17,1,5,1,2,1,6,1,0,0,0,0,1,1,0,0,0,0,3,1,0,0,3,1,0,0,5,1,47,115.0,2880
4.5,2,1,12,1,3,1,2,1,3,1,1,1,1,1,2,1,0,0,0,0,2,1,1,1,1,1,0,0,0,0,30,115.0,2880
4.5,0,0,2,1,0,0,0,0,0,0,0,0,0,0,0,0,0,0,0,0,1,1,0,0,0,0,0,0,1,1,4,115.0,2880
4.5,1,1,1,1,0,0,0,0,0,0,0,0,0,0,0,0,0,0,1,1,0,0,1,1,0,0,0,0,3,1,7,115.0,2880
4.5,1,1,1,1,0,0,0,0,0,0,0,0,0,0,0,0,0,0,0,0,0,0,0,0,0,0,0,0,1,1,3,115.0,2880
4.5,1,1,3,1,1,1,0,0,0,0,0,0,0,0,0,0,0,0,0,0,0,0,0,0,0,0,0,0,5,1,10,115.0,2880
4.5,2,1,5,1,0,0,0,0,1,1,3,1,0,0,0,0,0,0,0,0,0,0,0,0,0,0,0,0,0,0,11,115.0,2880
4.5,5,1,20,1,4,1,1,1,8,1,1,1,0,0,1,1,0,0,0,0,1,1,0,0,3,1,0,0,2,1,46,115.0,2880
4.5,2,1,3,1,0,0,0,0,1,1,1,1,0,0,0,0,0,0,0,0,2,1,0,0,1,1,0,0,1,1,11,115.0,2880
4.5,0,0,4,1,0,0,0,0,1,1,1,1,0,0,0,0,0,0,0,0,0,0,0,0,0,0,0,0,1,1,7,115.0,2880
4.5,0,0,1,1,0,0,1,1,0,0,0,0,0,0,0,0,0,0,0,0,0,0,0,0,1,1,0,0,0,0,3,115.0,2880
4.5,0,0,3,1,2,1,1,1,1,1,0,0,0,0,2,1,0,0,0,0,1,1,1,1,0,0,0,0,0,0,11,115.0,2880
4.5,5,1,20,1,4,1,1,1,8,1,1,1,0,0,1,1,0,0,0,0,1,1,0,0,3,1,0,0,2,1,46,115.0,2880
4.5,0,0,1,1,0,0,0,0,0,0,0,0,0,0,0,0,0,0,0,0,0,0,0,0,0,0,0,0,6,1,7,115.0,2880
4.5,6,1,22,1,2,1,1,1,1,1,1,1,0,0,1,1,0,0,1,1,2,1,0,0,2,1,0,0,2,1,41,115.0,2880
4.5,1,1,1,1,0,0,0,0,1,1,0,0,0,0,0,0,0,0,0,0,0,0,0,0,0,0,0,0,6,1,9,115.0,2880
5.5,1,1,10,1,1,1,1,1,2,1,0,0,0,0,0,0,0,0,0,0,0,0,1,1,0,0,0,0,1,1,17,260.0,7980
5.5,1,1,1,1,0,0,0,0,0,0,0,0,0,0,0,0,0,0,0,0,0,0,0,0,0,0,0,0,1,1,3,260.0,7980
5.5,0,0,3,1,2,1,1,1,1,1,0,0,0,0,2,1,0,0,0,0,1,1,1,1,0,0,0,0,0,0,11,260.0,7980
5.5,0,0,0,0,0,0,0,0,0,0,0,0,1,1,0,0,0,0,0,0,0,0,0,0,0,0,0,0,0,0,1,260.0,7980
5.5,2,1,10,1,3,1,2,1,3,1,1,1,0,0,2,1,0,0,0,0,2,1,1,1,0,0,0,0,0,0,26,260.0,7980
5.5,1,1,5,1,1,1,1,1,0,0,0,0,0,0,0,0,0,0,0,0,1,1,1,1,1,1,0,0,10,1,21,260.0,7980
5.5,0,0,1,1,0,0,0,0,0,0,0,0,0,0,0,0,0,0,0,0,0,0,0,0,0,0,0,0,0,0,1,260.0,7980
5.5,0,0,1,1,0,0,0,0,0,0,0,0,0,0,0,0,0,0,0,0,0,0,0,0,0,0,0,0,0,0,1,260.0,7980
5.5,0,0,1,1,0,0,0,0,0,0,0,0,0,0,0,0,0,0,0,0,0,0,0,0,0,0,0,0,0,0,1,260.0,7980
5.5,0,0,1,1,0,0,0,0,0,0,0,0,0,0,0,0,0,0,0,0,0,0,0,0,0,0,0,0,0,0,1,260.0,7980
5.5,0,0,2,1,0,0,0,0,0,0,0,0,0,0,0,0,0,0,0,0,0,0,0,0,0,0,0,0,0,0,2,260.0,7980
5.5,5,1,20,1,4,1,1,1,8,1,1,1,0,0,1,1,0,0,0,0,1,1,0,0,3,1,0,0,2,1,46,260.0,7980
5.5,3,1,16,1,1,1,0,0,2,1,1,1,0,0,3,1,0,0,0,0,2,1,3,1,5,1,0,0,0,0,36,260.0,7980
5.5,1,1,10,1,0,0,0,0,3,1,0,0,0,0,1,1,0,0,0,0,1,1,0,0,2,1,0,0,4,1,22,260.0,7980
5.5,0,0,8,1,0,0,0,0,4,1,0,0,0,0,0,0,0,0,0,0,3,1,2,1,2,1,0,0,2,1,21,260.0,7980
5.5,0,0,2,1,0,0,0,0,0,0,0,0,0,0,0,0,0,0,0,0,0,0,0,0,0,0,0,0,0,0,2,260.0,7980
5.5,0,0,1,1,0,0,0,0,0,0,0,0,0,0,0,0,0,0,0,0,0,0,0,0,0,0,0,0,0,0,1,260.0,7980
5.5,0,0,1,1,0,0,0,0,0,0,0,0,0,0,0,0,0,0,0,0,0,0,0,0,0,0,0,0,0,0,1,260.0,7980
5.5,0,0,2,1,0,0,0,0,0,0,0,0,0,0,0,0,0,0,0,0,0,0,0,0,0,0,0,0,0,0,2,260.0,7980
5.5,0,0,1,1,0,0,0,0,0,0,0,0,0,0,0,0,0,0,1,1,0,0,1,1,1,1,0,0,1,1,5,260.0,7980
6.5,0,0,5,1,0,0,0,0,1,1,2,1,0,0,0,0,0,0,0,0,0,0,1,1,1,1,0,0,0,0,10,170.0,6700
6.5,1,1,3,1,1,1,0,0,0,0,0,0,0,0,0,0,0,0,0,0,0,0,0,0,0,0,0,0,2,1,7,170.0,6700
6.5,0,0,1,1,0,0,0,0,0,0,0,0,0,0,0,0,0,0,0,0,0,0,0,0,1,1,0,0,0,0,2,170.0,6700
6.5,11,1,30,1,0,0,1,1,6,1,6,1,0,0,6,1,0,0,0,0,0,0,1,1,2,1,0,0,0,0,63,170.0,6700
6.5,2,1,4,1,0,0,0,0,0,0,0,0,0,0,0,0,0,0,0,0,0,0,0,0,0,0,0,0,1,1,7,170.0,6700
6.5,0,0,4,1,0,0,0,0,0,0,0,0,0,0,0,0,0,0,0,0,0,0,1,1,0,0,0,0,0,0,5,170.0,6700
6.5,1,1,12,1,2,1,1,1,1,1,1,1,0,0,2,1,0,0,0,0,0,0,1,1,2,1,0,0,1,1,24,170.0,6700
6.5,2,1,15,1,0,0,2,1,2,1,1,1,0,0,1,1,0,0,1,1,1,1,1,1,1,1,0,0,1,1,28,170.0,6700
6.5,1,1,3,1,0,0,0,0,0,0,0,0,0,0,0,0,0,0,0,0,0,0,1,1,1,1,0,0,0,0,6,170.0,6700
6.5,8,1,25,1,1,1,1,1,10,1,4,1,0,0,1,1,0,0,0,0,4,1,3,1,5,1,0,0,4,1,66,170.0,6700
6.5,2,1,11,1,1,1,0,0,2,1,0,0,0,0,1,1,0,0,0,0,1,1,0,0,2,1,0,0,3,1,23,170.0,6700
6.5,0,0,4,1,0,0,0,0,2,1,1,1,0,0,0,0,0,0,0,0,2,1,4,1,1,1,0,0,2,1,16,170.0,6700
6.5,4,1,8,1,0,0,0,0,5,1,0,0,0,0,0,0,0,0,1,1,1,1,0,0,7,1,0,0,2,1,28,170.0,6700
6.5,0,0,1,1,0,0,0,0,0,0,2,1,0,0,0,0,0,0,0,0,0,0,0,0,0,0,0,0,2,1,5,170.0,6700
6.5,0,0,2,1,1,1,0,0,1,1,0,0,0,0,1,1,0,0,0,0,2,1,1,1,0,0,0,0,0,0,8,170.0,6700
6.5,11,1,30,1,0,0,1,1,6,1,6,1,0,0,6,1,0,0,0,0,0,0,1,1,2,1,0,0,0,0,63,170.0,6700
6.5,1,1,1,1,0,0,0,0,0,0,0,0,0,0,0,0,0,0,0,0,0,0,0,0,1,1,0,0,1,1,4,170.0,6700
6.5,0,0,0,0,0,0,0,0,2,1,0,0,0,0,1,1,0,0,0,0,0,0,0,0,0,0,0,0,2,1,5,170.0,6700
6.5,0,0,3,1,0,0,0,0,0,0,0,0,0,0,0,0,0,0,0,0,0,0,0,0,1,1,0,0,0,0,4,170.0,6700
2.5,2,1,8,1,0,0,0,0,1,1,0,0,1,1,1,1,0,0,0,0,1,1,0,0,1,1,0,0,5,1,20,33.0,2750
2.5,7,1,40,1,10,1,3,1,10,1,1,1,1,1,6,1,0,0,0,0,0,0,1,1,3,1,0,0,2,1,84,33.0,2750
2.5,13,1,80,1,42,1,5,1,24,1,1,1,0,0,0,0,0,0,3,1,4,1,0,0,4,1,0,0,7,1,183,33.0,2750
2.5,1,1,1,1,0,0,0,0,0,0,0,0,0,0,0,0,0,0,0,0,2,1,1,1,1,1,0,0,1,1,7,33.0,2750
2.5,0,0,0,0,0,0,0,0,0,0,0,0,0,0,0,0,0,0,0,0,0,0,0,0,0,0,0,0,2,1,2,33.0,2750
2.5,0,0,1,1,0,0,0,0,0,0,0,0,0,0,0,0,0,0,0,0,0,0,0,0,0,0,0,0,2,1,3,33.0,2750
2.5,2,1,0,0,0,0,0,0,1,1,0,0,0,0,0,0,0,0,0,0,0,0,0,0,1,1,0,0,1,1,5,33.0,2750
2.5,1,1,10,1,1,1,0,0,5,1,0,0,0,0,2,1,0,0,0,0,2,1,3,1,6,1,0,0,11,1,41,33.0,2750
2.5,1,1,10,1,1,1,0,0,4,1,0,0,0,0,1,1,0,0,0,0,2,1,3,1,6,1,0,0,9,1,37,33.0,2750
2.5,0,0,0,0,0,0,0,0,0,0,0,0,0,0,0,0,0,0,0,0,0,0,0,0,1,1,0,0,10,1,11,33.0,2750
2.5,5,1,11,1,3,1,0,0,9,1,0,0,0,0,0,0,0,0,0,0,1,1,2,1,2,1,0,0,7,1,40,33.0,2750
2.5,1,1,4,1,0,0,0,0,1,1,0,0,0,0,0,0,0,0,0,0,0,0,0,0,1,1,0,0,9,1,16,33.0,2750
2.5,1,1,4,1,1,1,0,0,1,1,1,1,0,0,1,1,0,0,0,0,0,0,0,0,0,0,0,0,3,1,12,33.0,2750
2.5,2,1,4,1,0,0,0,0,1,1,0,0,0,0,0,0,0,0,0,0,0,0,0,0,0,0,0,0,0,0,7,33.0,2750
2.5,0,0,0,0,0,0,0,0,0,0,1,1,0,0,0,0,0,0,0,0,0,0,0,0,0,0,0,0,1,1,2,33.0,2750
2.5,0,0,1,1,0,0,0,0,0,0,0,0,0,0,0,0,0,0,0,0,0,0,0,0,0,0,0,0,0,0,1,33.0,2750
2.5,1,1,2,1,0,0,0,0,0,0,0,0,0,0,0,0,0,0,0,0,0,0,1,1,2,1,0,0,2,1,8,33.0,2750
2.5,7,1,45,1,1,1,0,0,5,1,1,1,1,1,1,1,0,0,1,1,4,1,4,1,2,1,0,0,9,1,81,33.0,2750
2.5,6,1,19,1,0,0,2,1,4,1,2,1,0,0,2,1,0,0,0,0,4,1,3,1,2,1,0,0,2,1,46,33.0,2750
2.5,1,1,12,1,2,1,1,1,1,1,1,1,0,0,2,1,0,0,0,0,0,0,1,1,2,1,0,0,1,1,24,33.0,2750
4.5,1,1,12,1,2,1,1,1,1,1,1,1,0,0,2,1,0,0,0,0,0,0,1,1,2,1,0,0,1,1,24,170.0,3300
4.5,2,1,5,1,0,0,0,0,1,1,0,0,0,0,0,0,0,0,2,1,2,1,2,1,2,1,0,0,1,1,17,170.0,3300
4.5,3,1,10,1,2,1,0,0,4,1,0,0,0,0,1,1,0,0,0,0,2,1,2,1,1,1,0,0,46,1,71,170.0,3300
4.5,1,1,2,1,0,0,0,0,3,1,0,0,0,0,0,0,0,0,1,1,0,0,1,1,3,1,1,1,16,1,28,170.0,3300
4.5,1,1,0,0,0,0,0,0,0,0,0,0,0,0,0,0,0,0,0,0,0,0,0,0,0,0,0,0,0,0,1,170.0,3300
4.5,11,1,30,1,0,0,1,1,6,1,6,1,0,0,6,1,0,0,0,0,0,0,1,1,2,1,0,0,0,0,63,170.0,3300
4.5,5,1,17,1,1,1,1,1,3,1,0,0,0,0,0,0,0,0,0,0,4,1,0,0,3,1,0,0,1,1,35,170.0,3300
4.5,13,1,80,1,42,1,5,1,24,1,1,1,0,0,0,0,0,0,3,1,4,1,0,0,4,1,0,0,7,1,183,170.0,3300
4.5,0,0,2,1,0,0,0,0,1,1,0,0,0,0,0,0,0,0,0,0,0,0,0,0,1,1,0,0,22,1,26,170.0,3300
4.5,0,0,7,1,0,0,0,0,2,1,0,0,0,0,1,1,0,0,0,0,4,1,2,1,1,1,0,0,1,1,18,170.0,3300
4.5,10,1,41,1,7,1,2,1,12,1,1,1,0,0,0,0,0,0,0,0,3,1,1,1,4,1,0,0,0,0,81,170.0,3300
4.5,2,1,14,1,0,0,0,0,4,1,0,0,0,0,1,1,0,0,1,1,1,1,7,1,1,1,0,0,1,1,32,170.0,3300
4.5,2,1,3,1,0,0,0,0,1,1,0,0,0,0,0,0,0,0,0,0,1,1,0,0,2,1,0,0,1,1,10,170.0,3300
4.5,0,0,1,1,0,0,0,0,0,0,0,0,0,0,1,1,0,0,0,0,0,0,0,0,0,0,0,0,1,1,3,170.0,3300
4.5,8,1,21,1,2,1,1,1,0,0,1,1,0,0,1,1,0,0,0,0,2,1,0,0,2,1,0,0,3,1,41,170.0,3300
4.5,3,1,2,1,0,0,0,0,0,0,0,0,0,0,0,0,0,0,2,1,1,1,0,0,2,1,0,0,1,1,11,170.0,3300
4.5,0,0,1,1,0,0,0,0,0,0,0,0,0,0,0,0,0,0,0,0,0,0,0,0,0,0,0,0,0,0,1,170.0,3300
4.5,0,0,1,1,0,0,0,0,0,0,0,0,0,0,0,0,0,0,0,0,0,0,0,0,0,0,0,0,0,0,1,170.0,3300
8.5,1,1,5,1,2,1,0,0,1,1,1,1,0,0,0,0,0,0,0,0,1,1,0,0,1,1,0,0,2,1,14,300.0,3710
8.5,1,1,11,1,0,0,0,0,5,1,0,0,0,0,0,0,0,0,1,1,1,1,0,0,2,1,0,0,5,1,26,300.0,3710
8.5,0,0,5,1,0,0,0,0,0,0,0,0,0,0,0,0,0,0,0,0,1,1,0,0,0,0,0,0,1,1,7,300.0,3710
8.5,0,0,2,1,0,0,0,0,0,0,1,1,0,0,0,0,0,0,0,0,0,0,0,0,1,1,0,0,0,0,4,300.0,3710
8.5,0,0,0,0,0,0,0,0,0,0,0,0,0,0,0,0,0,0,0,0,0,0,0,0,0,0,0,0,1,1,1,300.0,3710
8.5,1,1,0,0,0,0,0,0,0,0,0,0,0,0,0,0,0,0,0,0,0,0,0,0,0,0,0,0,2,1,3,300.0,3710
8.5,13,1,80,1,42,1,5,1,24,1,1,1,0,0,0,0,0,0,3,1,4,1,0,0,4,1,0,0,7,1,183,300.0,3710
8.5,2,1,4,1,0,0,1,1,0,0,3,1,0,0,3,1,0,0,0,0,1,1,3,1,1,1,0,0,3,1,21,300.0,3710
8.5,10,1,20,1,1,1,0,0,9,1,2,1,0,0,1,1,0,0,0,0,1,1,0,0,2,1,0,0,3,1,49,300.0,3710
8.5,5,1,9,1,2,1,0,0,1,1,2,1,0,0,0,0,1,1,0,0,2,1,3,1,3,1,0,0,7,1,35,300.0,3710
8.5,7,1,24,1,1,1,1,1,1,1,1,1,0,0,4,1,0,0,0,0,3,1,1,1,0,0,0,0,3,1,46,300.0,3710
8.5,0,0,4,1,0,0,0,0,0,0,0,0,0,0,1,1,0,0,0,0,1,1,1,1,0,0,0,0,0,0,7,300.0,3710
8.5,0,0,2,1,0,0,0,0,0,0,0,0,0,0,0,0,0,0,0,0,0,0,2,1,0,0,0,0,0,0,4,300.0,3710
8.5,1,1,3,1,0,0,0,0,1,1,0,0,0,0,0,0,0,0,0,0,2,1,1,1,0,0,0,0,6,1,14,300.0,3710
8.5,5,1,14,1,1,1,1,1,1,1,2,1,0,0,0,0,0,0,0,0,2,1,2,1,1,1,0,0,2,1,31,300.0,3710
8.5,4,1,8,1,8,1,0,0,4,1,0,0,2,1,1,1,0,0,0,0,0,0,0,0,1,1,0,0,1,1,29,300.0,3710
4.5,4,1,8,1,8,1,0,0,4,1,0,0,2,1,1,1,0,0,0,0,0,0,0,0,1,1,0,0,1,1,29,121.0,4340
4.5,0,0,2,1,0,0,0,0,0,0,2,1,0,0,0,0,0,0,0,0,0,0,0,0,0,0,0,0,4,1,8,121.0,4340
4.5,2,1,2,1,0,0,0,0,2,1,1,1,0,0,0,0,0,0,0,0,1,1,0,0,0,0,0,0,16,1,24,121.0,4340
4.5,0,0,1,1,0,0,0,0,2,1,0,0,0,0,1,1,0,0,0,0,0,0,0,0,1,1,0,0,0,0,5,121.0,4340
4.5,3,1,10,1,0,0,1,1,2,1,3,1,0,0,1,1,0,0,0,0,0,0,0,0,1,1,0,0,12,1,33,121.0,4340
4.5,0,0,2,1,0,0,0,0,0,0,0,0,0,0,0,0,0,0,0,0,0,0,0,0,0,0,0,0,0,0,2,121.0,4340
4.5,3,1,11,1,3,1,1,1,2,1,1,1,0,0,0,0,0,0,1,1,1,1,0,0,0,0,0,0,2,1,25,121.0,4340
4.5,2,1,16,1,5,1,0,0,4,1,0,0,0,0,0,0,0,0,0,0,2,1,0,0,2,1,0,0,2,1,33,121.0,4340
4.5,0,0,2,1,0,0,0,0,0,0,1,1,0,0,0,0,0,0,0,0,0,0,0,0,1,1,0,0,0,0,4,121.0,4340
4.5,5,1,18,1,0,0,1,1,1,1,1,1,0,0,1,1,0,0,0,0,4,1,0,0,1,1,0,0,3,1,35,121.0,4340
4.5,3,1,11,1,0,0,0,0,4,1,0,0,0,0,2,1,0,0,0,0,2,1,0,0,4,1,0,0,27,1,53,121.0,4340
4.5,13,1,80,1,42,1,5,1,24,1,1,1,0,0,0,0,0,0,3,1,4,1,0,0,4,1,0,0,7,1,183,121.0,4340
4.5,13,1,80,1,42,1,5,1,24,1,1,1,0,0,0,0,0,0,3,1,4,1,0,0,4,1,0,0,7,1,183,121.0,4340
4.5,0,0,3,1,0,0,0,0,1,1,1,1,0,0,0,0,0,0,0,0,1,1,2,1,0,0,0,0,27,1,35,121.0,4340
4.5,1,1,6,1,0,0,0,0,6,1,0,0,0,0,0,0,0,0,1,1,3,1,0,0,5,1,0,0,12,1,34,121.0,4340
4.5,1,1,4,1,0,0,1,1,0,0,0,0,0,0,0,0,0,0,0,0,2,1,1,1,2,1,0,0,4,1,15,121.0,4340
4.5,1,1,6,1,2,1,0,0,1,1,1,1,0,0,1,1,0,0,0,0,0,0,2,1,2,1,0,0,15,1,31,121.0,4340
4.5,0,0,3,1,0,0,0,0,0,0,0,0,0,0,0,0,0,0,0,0,0,0,0,0,1,1,0,0,1,1,5,121.0,4340
5.5,0,0,0,0,0,0,0,0,0,0,0,0,0,0,1,1,0,0,0,0,0,0,0,0,0,0,0,0,4,1,5,150.0,3250
5.5,3,1,10,1,0,0,1,1,2,1,3,1,0,0,1,1,0,0,0,0,0,0,0,0,1,1,0,0,12,1,33,150.0,3250
5.5,0,0,3,1,0,0,0,0,0,0,0,0,0,0,0,0,0,0,0,0,1,1,3,1,0,0,0,0,0,0,7,150.0,3250
5.5,0,0,1,1,0,0,0,0,0,0,0,0,0,0,0,0,0,0,0,0,0,0,0,0,0,0,0,0,1,1,2,150.0,3250
5.5,1,1,4,1,0,0,1,1,2,1,0,0,0,0,2,1,0,0,0,0,3,1,1,1,1,1,0,0,3,1,18,150.0,3250
5.5,10,1,17,1,3,1,2,1,13,1,1,1,0,0,2,1,0,0,0,0,2,1,6,1,6,1,0,0,5,1,67,150.0,3250
5.5,0,0,2,1,0,0,1,1,0,0,0,0,0,0,1,1,0,0,0,0,1,1,1,1,2,1,0,0,1,1,9,150.0,3250
5.5,5,1,10,1,4,1,0,0,1,1,1,1,0,0,2,1,0,0,0,0,3,1,5,1,2,1,1,1,4,1,38,150.0,3250
5.5,15,1,90,1,60,1,11,1,28,1,4,1,0,0,2,1,0,0,2,1,2,1,1,1,8,1,0,0,1,1,224,150.0,3250
5.5,0,0,2,1,0,0,0,0,4,1,0,0,0,0,0,0,0,0,0,0,2,1,0,0,3,1,0,0,5,1,16,150.0,3250
5.5,0,0,4,1,0,0,0,0,0,0,0,0,0,0,0,0,0,0,0,0,0,0,0,0,0,0,0,0,2,1,6,150.0,3250
5.5,13,1,42,1,6,1,0,0,3,1,1,1,1,1,3,1,0,0,0,0,2,1,4,1,0,0,0,0,2,1,77,150.0,3250
5.5,0,0,3,1,0,0,0,0,0,0,0,0,0,0,0,0,0,0,0,0,1,1,0,0,0,0,0,0,3,1,7,150.0,3250
5.5,4,1,16,1,3,1,2,1,11,1,0,0,1,1,2,1,0,0,0,0,3,1,2,1,3,1,0,0,15,1,62,150.0,3250
5.5,2,1,13,1,0,0,2,1,2,1,1,1,0,0,0,0,0,0,1,1,1,1,2,1,1,1,0,0,3,1,28,150.0,3250
5.5,3,1,10,1,0,0,1,1,2,1,3,1,0,0,1,1,0,0,0,0,0,0,0,0,1,1,0,0,12,1,33,150.0,3250
5.5,2,1,14,1,0,0,0,0,2,1,2,1,0,0,0,0,0,0,0,0,1,1,1,1,2,1,0,0,2,1,26,150.0,3250
5.5,3,1,7,1,2,1,0,0,1,1,1,1,0,0,1,1,0,0,0,0,2,1,1,1,2,1,0,0,3,1,23,150.0,3250
5.5,5,1,27,1,3,1,0,0,3,1,2,1,0,0,2,1,0,0,0,0,4,1,0,0,1,1,0,0,1,1,48,150.0,3250
5.5,1,1,13,1,1,1,1,1,2,1,0,0,0,0,1,1,0,0,0,0,2,1,6,1,0,0,0,0,4,1,31,150.0,5950
5.5,1,1,13,1,1,1,1,1,2,1,0,0,0,0,1,1,0,0,0,0,2,1,6,1,0,0,0,0,4,1,31,150.0,5950
5.5,1,1,13,1,1,1,1,1,2,1,0,0,0,0,1,1,0,0,0,0,2,1,6,1,0,0,0,0,4,1,31,150.0,5950
5.5,1,1,13,1,1,1,1,1,2,1,0,0,0,0,1,1,0,0,0,0,2,1,6,1,0,0,0,0,4,1,31,150.0,5950
5.5,1,1,13,1,1,1,1,1,2,1,0,0,0,0,1,1,0,0,0,0,2,1,6,1,0,0,0,0,4,1,31,150.0,5950
5.5,1,1,13,1,1,1,1,1,2,1,0,0,0,0,1,1,0,0,0,0,2,1,6,1,0,0,0,0,4,1,31,150.0,5950
5.5,26,1,64,1,9,1,4,1,15,1,0,0,0,0,0,0,0,0,1,1,8,1,6,1,14,1,0,0,4,1,151,150.0,5950
5.5,0,0,1,1,0,0,0,0,0,0,1,1,0,0,1,1,0,0,0,0,1,1,1,1,1,1,0,0,1,1,7,150.0,5950
5.5,0,0,8,1,1,1,0,0,2,1,1,1,0,0,0,0,0,0,0,0,2,1,2,1,1,1,0,0,7,1,24,150.0,5950
5.5,0,0,5,1,1,1,0,0,0,0,1,1,0,0,0,0,0,0,0,0,2,1,2,1,1,1,0,0,0,0,12,150.0,5950
5.5,0,0,0,0,0,0,0,0,1,1,0,0,0,0,1,1,0,0,0,0,0,0,1,1,1,1,0,0,3,1,7,150.0,5950
5.5,2,1,7,1,0,0,0,0,1,1,0,0,0,0,1,1,0,0,0,0,2,1,2,1,1,1,1,1,3,1,20,150.0,5950
5.5,2,1,7,1,0,0,0,0,1,1,0,0,0,0,1,1,0,0,0,0,2,1,2,1,1,1,1,1,3,1,20,150.0,5950
5.5,2,1,7,1,0,0,0,0,1,1,0,0,0,0,1,1,0,0,0,0,2,1,2,1,1,1,1,1,3,1,20,150.0,5950
5.5,0,0,0,0,0,0,0,0,1,1,0,0,0,0,1,1,0,0,0,0,0,0,1,1,1,1,0,0,3,1,7,150.0,5950
5.5,0,0,5,1,1,1,0,0,2,1,0,0,0,0,0,0,0,0,0,0,1,1,1,1,4,1,0,0,0,0,14,150.0,5950
5.5,0,0,0,0,0,0,0,0,0,0,0,0,0,0,0,0,0,0,0,0,1,1,1,1,0,0,0,0,2,1,4,150.0,5950
5.5,1,1,2,1,0,0,0,0,0,0,0,0,0,0,0,0,0,0,0,0,1,1,1,1,0,0,0,0,0,0,5,150.0,5950
5.5,1,1,2,1,0,0,0,0,0,0,0,0,0,0,0,0,0,0,0,0,1,1,1,1,0,0,0,0,0,0,5,150.0,5950
4.0,2,1,4,1,0,0,0,0,1,1,0,0,0,0,1,1,0,0,0,0,1,1,1,1,1,1,0,0,0,0,11,81.0,2280
4.0,1,1,5,1,0,0,1,1,0,0,0,0,0,0,0,0,0,0,0,0,2,1,1,1,2,1,0,0,4,1,16,81.0,2280
4.0,1,1,4,1,1,1,0,0,2,1,0,0,0,0,1,1,0,0,0,0,2,1,1,1,1,1,0,0,0,0,13,81.0,2280
4.0,0,0,4,1,1,1,0,0,0,0,0,0,0,0,1,1,0,0,0,0,1,1,0,0,0,0,0,0,2,1,9,81.0,2280
4.0,0,0,3,1,0,0,0,0,0,0,0,0,0,0,0,0,0,0,0,0,0,0,0,0,1,1,0,0,5,1,9,81.0,2280
4.0,0,0,5,1,0,0,0,0,1,1,0,0,0,0,1,1,0,0,0,0,0,0,0,0,1,1,0,0,5,1,13,81.0,2280
4.0,4,1,4,1,1,1,0,0,3,1,0,0,0,0,1,1,0,0,1,1,0,0,1,1,2,1,0,0,0,0,17,81.0,2280
4.0,4,1,30,1,6,1,4,1,7,1,1,1,0,0,2,1,0,0,0,0,3,1,0,0,4,1,0,0,0,0,61,81.0,2280
4.0,1,1,4,1,1,1,0,0,1,1,1,1,0,0,0,0,0,0,1,1,0,0,0,0,0,0,0,0,1,1,10,81.0,2280
4.0,3,1,9,1,0,0,0,0,2,1,1,1,0,0,2,1,0,0,0,0,1,1,4,1,4,1,0,0,13,1,39,81.0,2280
4.0,0,0,5,1,0,0,0,0,0,0,0,0,0,0,0,0,0,0,0,0,2,1,3,1,1,1,0,0,0,0,11,81.0,2280
4.0,0,0,8,1,1,1,0,0,5,1,0,0,0,0,1,1,0,0,0,0,1,1,2,1,4,1,0,0,2,1,24,81.0,2280
4.0,1,1,2,1,0,0,0,0,0,0,1,1,0,0,0,0,0,0,0,0,1,1,1,1,1,1,0,0,3,1,10,81.0,2280
4.0,3,1,7,1,2,1,0,0,1,1,1,1,0,0,1,1,0,0,0,0,2,1,1,1,2,1,0,0,3,1,23,81.0,2280
4.0,0,0,0,0,0,0,0,0,0,0,0,0,0,0,0,0,0,0,0,0,0,0,0,0,0,0,0,0,1,1,1,81.0,2280
4.0,3,1,14,1,0,0,3,1,4,1,0,0,0,0,0,0,0,0,0,0,1,1,1,1,4,1,0,0,0,0,30,81.0,2280
4.0,1,1,7,1,0,0,0,0,1,1,0,0,0,0,0,0,0,0,0,0,0,0,1,1,1,1,0,0,2,1,13,81.0,2280
4.5,0,0,3,1,0,0,0,0,0,0,0,0,0,0,0,0,0,0,0,0,0,0,0,0,1,1,0,0,5,1,9,117.0,3480
4.5,4,1,14,1,4,1,2,1,5,1,3,1,0,0,0,0,0,0,0,0,1,1,0,0,1,1,0,0,7,1,41,117.0,3480
4.5,4,1,14,1,4,1,2,1,5,1,3,1,0,0,0,0,0,0,0,0,1,1,0,0,1,1,0,0,7,1,41,117.0,3480
4.5,3,1,18,1,4,1,2,1,7,1,3,1,0,0,0,0,0,0,3,1,2,1,0,0,1,1,0,0,9,1,52,117.0,3480
4.5,0,0,1,1,1,1,0,0,0,0,0,0,0,0,0,0,0,0,0,0,1,1,1,1,1,1,0,0,1,1,6,117.0,3480
4.5,0,0,1,1,1,1,0,0,0,0,0,0,0,0,0,0,0,0,0,0,1,1,1,1,1,1,0,0,1,1,6,117.0,3480
4.5,0,0,1,1,1,1,0,0,0,0,0,0,0,0,0,0,0,0,0,0,1,1,1,1,1,1,0,0,1,1,6,117.0,3480
4.5,2,1,11,1,2,1,0,0,1,1,1,1,0,0,0,0,0,0,0,0,2,1,0,0,4,1,0,0,12,1,35,117.0,3480
4.5,1,1,9,1,0,0,0,0,0,0,0,0,0,0,0,0,0,0,0,0,1,1,2,1,2,1,0,0,2,1,17,117.0,3480
4.5,0,0,0,0,0,0,0,0,0,0,0,0,0,0,0,0,0,0,0,0,0,0,0,0,0,0,0,0,1,1,1,117.0,3480
4.5,8,1,25,1,4,1,2,1,12,1,2,1,0,0,1,1,0,0,5,1,4,1,6,1,5,1,0,0,3,1,77,117.0,3480
4.5,2,1,8,1,1,1,1,1,2,1,0,0,0,0,0,0,0,0,0,0,3,1,5,1,2,1,0,0,1,1,25,117.0,3480
4.5,0,0,0,0,0,0,0,0,0,0,1,1,0,0,0,0,0,0,0,0,0,0,0,0,0,0,0,0,0,0,1,117.0,3480
4.5,0,0,1,1,0,0,0,0,0,0,0,0,0,0,0,0,0,0,0,0,0,0,0,0,0,0,0,0,0,0,1,117.0,3480
4.5,1,1,2,1,0,0,0,0,0,0,0,0,0,0,0,0,0,0,0,0,1,1,1,1,0,0,0,0,0,0,5,117.0,3480
4.5,8,1,25,1,4,1,2,1,12,1,2,1,0,0,1,1,0,0,5,1,4,1,6,1,5,1,0,0,3,1,77,117.0,3480
4.5,0,0,0,0,0,0,0,0,0,0,1,1,0,0,0,0,0,0,0,0,0,0,0,0,0,0,0,0,0,0,1,117.0,3480
4.5,1,1,7,1,2,1,0,0,0,0,0,0,0,0,0,0,0,0,0,0,0,0,0,0,1,1,0,0,1,1,12,117.0,3480
4.5,0,0,2,1,0,0,1,1,0,0,0,0,0,0,0,0,0,0,0,0,0,0,1,1,0,0,0,0,0,0,4,117.0,3480
4.5,0,0,5,1,0,0,0,0,1,1,0,0,0,0,1,1,0,0,0,0,0,0,1,1,1,1,0,0,0,0,9,108.0,2490
4.5,0,0,1,1,1,1,0,0,0,0,0,0,0,0,0,0,0,0,0,0,1,1,1,1,1,1,0,0,1,1,6,108.0,2490
4.5,0,0,2,1,0,0,1,1,0,0,0,0,0,0,0,0,0,0,0,0,0,0,0,0,1,1,0,0,0,0,4,108.0,2490
4.5,1,1,4,1,0,0,0,0,0,0,0,0,0,0,0,0,0,0,0,0,0,0,1,1,1,1,0,0,3,1,10,108.0,2490
4.5,1,1,5,1,1,1,0,0,0,0,3,1,0,0,1,1,0,0,1,1,1,1,1,1,2,1,0,0,0,0,16,108.0,2490
4.5,1,1,2,1,0,0,0,0,0,0,0,0,0,0,0,0,0,0,0,0,1,1,0,0,0,0,0,0,1,1,5,108.0,2490
4.5,0,0,0,0,0,0,0,0,0,0,1,1,0,0,0,0,0,0,0,0,0,0,0,0,0,0,0,0,0,0,1,108.0,2490
4.5,0,0,2,1,0,0,0,0,0,0,0,0,0,0,0,0,0,0,0,0,0,0,1,1,0,0,0,0,0,0,3,108.0,2490
4.5,1,1,2,1,0,0,0,0,0,0,0,0,0,0,0,0,0,0,0,0,1,1,0,0,0,0,0,0,1,1,5,108.0,2490
4.5,0,0,1,1,0,0,1,1,1,1,0,0,0,0,0,0,0,0,0,0,1,1,0,0,1,1,0,0,3,1,8,108.0,2490
4.5,0,0,6,1,2,1,0,0,0,0,0,0,0,0,0,0,0,0,0,0,1,1,0,0,1,1,0,0,2,1,12,108.0,2490
4.5,1,1,3,1,0,0,0,0,1,1,2,1,0,0,1,1,0,0,0,0,1,1,0,0,3,1,0,0,3,1,15,108.0,2490
4.5,0,0,4,1,0,0,0,0,1,1,0,0,0,0,1,1,0,0,0,0,0,0,1,1,1,1,0,0,0,0,8,108.0,2490
4.5,0,0,0,0,0,0,0,0,0,0,0,0,0,0,0,0,0,0,0,0,0,0,0,0,0,0,0,0,1,1,1,108.0,2490
4.5,1,1,7,1,8,1,3,1,2,1,2,1,0,0,0,0,0,0,0,0,4,1,2,1,4,1,0,0,2,1,35,108.0,2490
4.5,2,1,2,1,1,1,0,0,2,1,0,0,0,0,0,0,0,0,0,0,0,0,2,1,0,0,0,0,1,1,10,108.0,2490
4.5,1,1,4,1,0,0,0,0,1,1,0,0,0,0,1,1,0,0,0,0,2,1,1,1,1,1,0,0,0,0,11,108.0,2490
4.5,6,1,15,1,1,1,2,1,2,1,2,1,0,0,1,1,0,0,0,0,1,1,2,1,3,1,0,0,10,1,45,108.0,2490
5.5,5,1,17,1,2,1,0,0,0,0,0,0,0,0,1,1,0,0,1,1,4,1,4,1,4,1,0,0,5,1,43,170.0,3590
5.5,5,1,31,1,10,1,1,1,10,1,3,1,0,0,4,1,0,0,1,1,3,1,1,1,3,1,0,0,0,0,72,170.0,3590
5.5,1,1,4,1,0,0,0,0,0,0,1,1,0,0,0,0,0,0,0,0,0,0,1,1,0,0,0,0,4,1,11,170.0,3590
5.5,0,0,2,1,1,1,0,0,1,1,0,0,0,0,1,1,0,0,0,0,0,0,0,0,0,0,0,0,1,1,6,170.0,3590
5.5,0,0,4,1,0,0,0,0,1,1,0,0,0,0,0,0,0,0,0,0,0,0,0,0,1,1,0,0,0,0,6,170.0,3590
5.5,2,1,11,1,1,1,0,0,1,1,1,1,0,0,1,1,0,0,0,0,2,1,4,1,4,1,0,0,6,1,33,170.0,3590
5.5,1,1,0,0,0,0,0,0,0,0,0,0,0,0,0,0,0,0,0,0,0,0,0,0,0,0,0,0,0,0,1,170.0,3590
5.5,1,1,0,0,0,0,0,0,0,0,0,0,0,0,0,0,0,0,0,0,0,0,0,0,0,0,0,0,2,1,3,170.0,3590
5.5,2,1,4,1,0,0,1,1,1,1,1,1,0,0,0,0,0,0,1,1,4,1,1,1,0,0,0,0,1,1,16,170.0,3590
5.5,0,0,4,1,0,0,0,0,1,1,0,0,0,0,0,0,0,0,0,0,0,0,0,0,1,1,0,0,0,0,6,170.0,3590
5.5,1,1,9,1,5,1,2,1,2,1,0,0,0,0,1,1,0,0,0,0,3,1,1,1,2,1,0,0,8,1,34,170.0,3590
5.5,1,1,4,1,0,0,0,0,0,0,0,0,0,0,0,0,0,0,0,0,0,0,0,0,0,0,0,0,6,1,11,170.0,3590
5.5,1,1,2,1,0,0,0,0,1,1,0,0,0,0,0,0,0,0,0,0,0,0,1,1,0,0,0,0,0,0,5,170.0,3590
5.5,4,1,14,1,2,1,0,0,3,1,2,1,1,1,1,1,0,0,0,0,1,1,0,0,1,1,0,0,11,1,40,170.0,3590
5.5,1,1,7,1,8,1,3,1,2,1,2,1,0,0,0,0,0,0,0,0,4,1,2,1,4,1,0,0,2,1,35,170.0,3590
5.5,1,1,1,1,0,0,0,0,0,0,0,0,0,0,0,0,0,0,0,0,0,0,0,0,0,0,0,0,2,1,4,170.0,3590
5.5,0,0,1,1,0,0,0,0,3,1,2,1,0,0,1,1,0,0,0,0,1,1,1,1,3,1,0,0,2,1,14,170.0,3590
5.5,0,0,3,1,2,1,1,1,1,1,0,0,0,0,2,1,0,0,0,0,1,1,1,1,0,0,0,0,0,0,11,170.0,3590
5.5,0,0,2,1,0,0,0,0,0,0,0,0,0,0,0,0,0,0,0,0,0,0,0,0,0,0,0,0,1,1,3,170.0,3590
5.0,0,0,2,1,0,0,0,0,0,0,0,0,0,0,0,0,0,0,0,0,0,0,0,0,0,0,0,0,1,1,3,140.0,2030
5.0,0,0,1,1,0,0,0,0,0,0,0,0,0,0,0,0,0,0,0,0,0,0,0,0,0,0,0,0,1,1,2,140.0,2030
5.0,0,0,3,1,0,0,0,0,0,0,0,0,0,0,1,1,0,0,0,0,0,0,2,1,0,0,0,0,4,1,10,140.0,2030
5.0,2,1,10,1,0,0,0,0,2,1,0,0,0,0,1,1,0,0,0,0,1,1,1,1,1,1,0,0,1,1,19,140.0,2030
5.0,1,1,5,1,1,1,0,0,1,1,0,0,0,0,2,1,0,0,0,0,0,0,1,1,1,1,0,0,4,1,16,140.0,2030
5.0,0,0,1,1,0,0,0,0,0,0,0,0,0,0,0,0,0,0,0,0,0,0,0,0,0,0,0,0,0,0,1,140.0,2030
5.0,5,1,14,1,4,1,5,1,9,1,1,1,0,0,5,1,0,0,0,0,1,1,4,1,1,1,1,1,4,1,54,140.0,2030
5.0,1,1,4,1,0,0,0,0,1,1,0,0,0,0,1,1,0,0,0,0,2,1,1,1,1,1,0,0,0,0,11,140.0,2030
5.0,2,1,4,1,0,0,0,0,1,1,0,0,0,0,1,1,0,0,0,0,1,1,1,1,1,1,0,0,0,0,11,140.0,2030
5.0,0,0,3,1,2,1,1,1,1,1,0,0,0,0,2,1,0,0,0,0,1,1,1,1,0,0,0,0,0,0,11,140.0,2030
5.0,5,1,14,1,4,1,5,1,9,1,1,1,0,0,5,1,0,0,0,0,1,1,4,1,1,1,1,1,4,1,54,140.0,2030
5.0,4,1,6,1,1,1,1,1,0,0,0,0,0,0,1,1,0,0,0,0,1,1,2,1,1,1,0,0,13,1,30,140.0,2030
5.0,0,0,2,1,0,0,0,0,0,0,0,0,0,0,0,0,0,0,0,0,0,0,0,0,1,1,0,0,0,0,3,140.0,2030
5.0,1,1,2,1,0,0,0,0,0,0,0,0,0,0,0,0,0,0,2,1,2,1,1,1,2,1,0,0,0,0,10,140.0,2030
5.0,2,1,9,1,1,1,0,0,0,0,1,1,0,0,1,1,0,0,1,1,4,1,4,1,1,1,0,0,1,1,25,140.0,2030
5.0,5,1,6,1,0,0,0,0,4,1,4,1,0,0,0,0,0,0,0,0,4,1,0,0,1,1,0,0,2,1,26,140.0,2030
5.0,4,1,26,1,4,1,0,0,10,1,0,0,4,1,5,1,0,0,0,0,5,1,4,1,4,1,0,0,21,1,87,140.0,2030
5.0,5,1,9,1,5,1,0,0,2,1,0,0,0,0,2,1,0,0,0,0,3,1,1,1,0,0,0,0,0,0,27,140.0,2030
5.0,6,1,16,1,8,1,1,1,4,1,1,1,0,0,6,1,0,0,0,0,5,1,2,1,1,1,0,0,1,1,51,140.0,2030
5.5,2,1,8,1,1,1,1,1,5,1,1,1,0,0,1,1,0,0,0,0,2,1,2,1,3,1,0,0,0,0,26,122.0,2590
5.5,0,0,7,1,1,1,1,1,4,1,3,1,0,0,0,0,0,0,0,0,0,0,2,1,1,1,0,0,6,1,25,122.0,2590
5.5,7,1,21,1,2,1,2,1,5,1,1,1,0,0,0,0,0,0,2,1,2,1,2,1,2,1,0,0,0,0,46,122.0,2590
5.5,0,0,8,1,1,1,0,0,1,1,0,0,0,0,1,1,0,0,0,0,2,1,2,1,5,1,0,0,5,1,25,122.0,2590
5.5,1,1,10,1,0,0,2,1,2,1,0,0,0,0,0,0,0,0,1,1,1,1,1,1,1,1,0,0,3,1,22,122.0,2590
5.5,0,0,1,1,0,0,0,0,0,0,0,0,0,0,0,0,0,0,0,0,0,0,0,0,0,0,0,0,1,1,2,122.0,2590
5.5,2,1,4,1,0,0,1,1,1,1,1,1,0,0,0,0,0,0,1,1,4,1,1,1,0,0,0,0,1,1,16,122.0,2590
5.5,0,0,2,1,0,0,0,0,0,0,0,0,0,0,0,0,0,0,0,0,0,0,0,0,0,0,0,0,1,1,3,122.0,2590
5.5,0,0,2,1,0,0,0,0,0,0,0,0,0,0,0,0,0,0,0,0,0,0,0,0,0,0,0,0,1,1,3,122.0,2590
5.5,0,0,2,1,0,0,0,0,0,0,0,0,0,0,0,0,0,0,0,0,0,0,0,0,0,0,0,0,1,1,3,122.0,2590
5.5,0,0,2,1,0,0,0,0,0,0,0,0,0,0,0,0,0,0,0,0,0,0,0,0,0,0,0,0,1,1,3,122.0,2590
5.5,0,0,0,0,0,0,0,0,1,1,0,0,0,0,0,0,0,0,0,0,0,0,0,0,0,0,0,0,0,0,1,122.0,2590
5.5,3,1,0,0,0,0,0,0,0,0,0,0,0,0,0,0,0,0,0,0,0,0,0,0,0,0,0,0,0,0,3,122.0,2590
5.5,2,1,1,1,0,0,0,0,0,0,0,0,0,0,0,0,0,0,0,0,1,1,0,0,1,1,0,0,2,1,7,122.0,2590
5.5,11,1,40,1,8,1,4,1,15,1,1,1,0,0,2,1,0,0,0,0,4,1,0,0,4,1,0,0,5,1,94,122.0,2590
5.5,8,1,22,1,2,1,0,0,1,1,0,0,0,0,3,1,0,0,1,1,4,1,4,1,6,1,0,0,5,1,56,122.0,2590
5.5,5,1,17,1,2,1,0,0,0,0,0,0,0,0,1,1,0,0,1,1,4,1,4,1,4,1,0,0,5,1,43,122.0,2590
4.5,0,0,4,1,0,0,0,0,3,1,0,0,0,0,0,0,0,0,0,0,2,1,0,0,2,1,1,1,2,1,14,128.0,3270
4.5,2,1,7,1,0,0,1,1,2,1,0,0,0,0,0,0,0,0,0,0,1,1,0,0,0,0,0,0,1,1,14,128.0,3270
4.5,1,1,7,1,0,0,0,0,1,1,0,0,0,0,0,0,0,0,0,0,1,1,2,1,1,1,0,0,6,1,19,128.0,3270
4.5,0,0,6,1,0,0,0,0,2,1,0,0,0,0,0,0,0,0,0,0,0,0,1,1,2,1,0,0,0,0,11,128.0,3270
4.5,0,0,2,1,0,0,0,0,0,0,0,0,0,0,0,0,0,0,0,0,0,0,1,1,0,0,0,0,0,0,3,128.0,3270
4.5,2,1,5,1,1,1,0,0,0,0,0,0,0,0,0,0,0,0,0,0,2,1,0,0,1,1,0,0,4,1,15,128.0,3270
4.5,1,1,0,0,0,0,0,0,0,0,0,0,0,0,0,0,0,0,0,0,0,0,0,0,1,1,0,0,0,0,2,128.0,3270
4.5,6,1,20,1,5,1,0,0,6,1,0,0,0,0,2,1,0,0,0,0,4,1,8,1,5,1,0,0,6,1,62,128.0,3270
4.5,0,0,7,1,0,0,0,0,0,0,0,0,0,0,0,0,0,0,0,0,1,1,0,0,0,0,0,0,1,1,9,128.0,3270
4.5,5,1,24,1,3,1,2,1,19,1,1,1,3,1,1,1,0,0,0,0,5,1,2,1,4,1,0,0,22,1,91,128.0,3270
4.5,0,0,0,0,0,0,0,0,0,0,1,1,0,0,1,1,0,0,0,0,0,0,0,0,1,1,0,0,0,0,3,128.0,3270
4.5,2,1,6,1,0,0,0,0,1,1,0,0,0,0,0,0,0,0,0,0,1,1,0,0,2,1,0,0,2,1,14,128.0,3270
4.5,6,1,16,1,8,1,1,1,4,1,1,1,0,0,6,1,0,0,0,0,5,1,2,1,1,1,0,0,1,1,51,128.0,3270
4.5,0,0,3,1,0,0,1,1,1,1,0,0,0,0,0,0,0,0,0,0,0,0,0,0,1,1,0,0,3,1,9,128.0,3270
4.5,6,1,16,1,8,1,1,1,4,1,1,1,0,0,6,1,0,0,0,0,5,1,2,1,1,1,0,0,1,1,51,128.0,3270
4.5,0,0,2,1,0,0,0,0,0,0,0,0,0,0,0,0,0,0,0,0,0,0,0,0,0,0,0,0,1,1,3,128.0,3270
4.5,0,0,2,1,0,0,0,0,0,0,0,0,0,0,0,0,0,0,0,0,0,0,0,0,0,0,0,0,1,1,3,128.0,3270
4.5,1,1,4,1,0,0,0,0,0,0,2,1,0,0,0,0,0,0,0,0,0,0,0,0,0,0,0,0,1,1,8,128.0,3270
4.5,0,0,1,1,1,1,0,0,1,1,0,0,0,0,1,1,0,0,0,0,1,1,1,1,3,1,0,0,3,1,12,128.0,3270
4.0,9,1,46,1,8,1,7,1,25,1,0,0,0,0,1,1,0,0,0,0,5,1,7,1,5,1,0,0,0,0,113,120.0,3480
4.0,1,1,2,1,0,0,0,0,1,1,0,0,0,0,0,0,0,0,0,0,0,0,1,1,0,0,0,0,3,1,8,120.0,3480
4.0,2,1,20,1,5,1,0,0,3,1,0,0,0,0,2,1,0,0,0,0,0,0,1,1,1,1,0,0,15,1,49,120.0,3480
4.0,1,1,2,1,0,0,0,0,0,0,2,1,0,0,0,0,0,0,0,0,0,0,0,0,1,1,0,0,3,1,9,120.0,3480
4.0,7,1,16,1,1,1,1,1,2,1,3,1,0,0,4,1,0,0,0,0,3,1,1,1,0,0,0,0,3,1,41,120.0,3480
4.0,0,0,2,1,0,0,0,0,0,0,0,0,0,0,1,1,0,0,0,0,0,0,1,1,0,0,0,0,0,0,4,120.0,3480
4.0,1,1,1,1,0,0,0,0,0,0,0,0,2,1,0,0,0,0,0,0,1,1,0,0,0,0,0,0,0,0,5,120.0,3480
4.0,2,1,7,1,0,0,1,1,2,1,0,0,0,0,0,0,0,0,0,0,1,1,0,0,0,0,0,0,1,1,14,120.0,3480
4.0,10,1,32,1,8,1,4,1,13,1,0,0,0,0,1,1,0,0,0,0,3,1,0,0,4,1,0,0,0,0,75,120.0,3480
4.0,0,0,5,1,0,0,0,0,5,1,0,0,0,0,0,0,0,0,0,0,1,1,1,1,1,1,0,0,3,1,16,120.0,3480
4.0,5,1,26,1,3,1,0,0,3,1,1,1,0,0,2,1,0,0,0,0,4,1,0,0,1,1,0,0,1,1,46,120.0,3480
4.0,1,1,3,1,0,0,0,0,0,0,1,1,0,0,1,1,0,0,0,0,1,1,0,0,0,0,0,0,0,0,7,120.0,3480
4.0,2,1,11,1,5,1,5,1,5,1,1,1,0,0,0,0,0,0,1,1,1,1,0,0,0,0,0,0,2,1,33,120.0,3480
4.0,4,1,22,1,7,1,3,1,4,1,5,1,0,0,1,1,0,0,0,0,4,1,4,1,5,1,0,0,1,1,60,120.0,3480
4.0,0,0,4,1,0,0,0,0,1,1,0,0,0,0,0,0,0,0,0,0,0,0,0,0,0,0,0,0,0,0,5,120.0,3480
4.0,0,0,5,1,3,1,0,0,0,0,0,0,0,0,0,0,0,0,0,0,1,1,1,1,2,1,0,0,6,1,18,120.0,3480
5.0,0,0,3,1,0,0,0,0,2,1,0,0,0,0,0,0,0,0,0,0,0,0,0,0,0,0,0,0,1,1,6,110.0,2240
5.0,0,0,1,1,0,0,0,0,0,0,0,0,0,0,1,1,0,0,0,0,0,0,0,0,0,0,0,0,6,1,8,110.0,2240
5.0,1,1,5,1,0,0,0,0,4,1,0,0,0,0,0,0,0,0,0,0,3,1,0,0,5,1,0,0,5,1,23,110.0,2240
5.0,3,1,9,1,0,0,0,0,1,1,1,1,0,0,0,0,0,0,0,0,2,1,2,1,2,1,0,0,7,1,27,110.0,2240
5.0,1,1,2,1,0,0,0,0,0,0,1,1,0,0,0,0,0,0,0,0,0,0,0,0,0,0,0,0,0,0,4,110.0,2240
5.0,0,0,4,1,0,0,0,0,1,1,0,0,0,0,0,0,0,0,0,0,0,0,0,0,0,0,0,0,7,1,12,110.0,2240
5.0,0,0,3,1,0,0,0,0,1,1,0,0,0,0,1,1,0,0,0,0,2,1,0,0,1,1,0,0,2,1,10,110.0,2240
5.0,2,1,4,1,3,1,0,0,1,1,0,0,0,0,0,0,0,0,0,0,2,1,1,1,0,0,0,0,0,0,13,110.0,2240
5.0,5,1,14,1,4,1,5,1,9,1,1,1,0,0,5,1,0,0,0,0,1,1,4,1,1,1,1,1,4,1,54,110.0,2240
5.0,8,1,18,1,0,0,0,0,3,1,0,0,0,0,1,1,0,0,1,1,4,1,0,0,2,1,0,0,1,1,38,110.0,2240
5.0,0,0,4,1,2,1,0,0,3,1,0,0,0,0,3,1,0,0,0,0,2,1,0,0,0,0,0,0,4,1,18,110.0,2240
5.0,0,0,4,1,1,1,0,0,0,0,2,1,0,0,2,1,0,0,0,0,1,1,2,1,0,0,0,0,22,1,34,110.0,2240
5.0,0,0,4,1,0,0,0,0,0,0,0,0,0,0,0,0,0,0,0,0,0,0,0,0,0,0,0,0,4,1,8,110.0,2240
5.0,0,0,1,1,0,0,0,0,0,0,0,0,0,0,1,1,0,0,0,0,0,0,0,0,0,0,0,0,6,1,8,110.0,2240
5.0,8,1,25,1,5,1,1,1,5,1,0,0,0,0,2,1,0,0,0,0,3,1,1,1,0,0,0,0,0,0,50,110.0,2240
5.0,0,0,2,1,0,0,0,0,0,0,0,0,0,0,0,0,0,0,0,0,0,0,0,0,0,0,0,0,0,0,2,110.0,2240
5.0,16,1,79,1,43,1,10,1,30,1,5,1,0,0,0,0,0,0,0,0,5,1,1,1,8,1,0,0,1,1,198,110.0,2240
5.0,1,1,4,1,1,1,0,0,0,0,0,0,0,0,1,1,0,0,0,0,1,1,3,1,3,1,0,0,5,1,19,110.0,2240
3.5,0,0,2,1,0,0,0,0,0,0,0,0,0,0,0,0,0,0,0,0,0,0,0,0,0,0,0,0,0,0,2,81.0,2140
3.5,1,1,7,1,0,0,1,1,0,0,0,0,0,0,1,1,0,0,1,1,3,1,1,1,1,1,0,0,0,0,16,81.0,2140
3.5,2,1,6,1,2,1,0,0,0,0,2,1,0,0,1,1,0,0,0,0,0,0,2,1,1,1,0,0,0,0,16,81.0,2140
3.5,1,1,2,1,0,0,0,0,0,0,0,0,0,0,0,0,0,0,0,0,0,0,0,0,0,0,0,0,0,0,3,81.0,2140
3.5,1,1,4,1,0,0,0,0,0,0,0,0,0,0,0,0,0,0,0,0,0,0,0,0,0,0,0,0,0,0,5,81.0,2140
3.5,0,0,2,1,0,0,0,0,0,0,0,0,0,0,0,0,0,0,0,0,0,0,1,1,0,0,0,0,1,1,4,81.0,2140
3.5,0,0,3,1,0,0,0,0,0,0,1,1,0,0,0,0,0,0,0,0,1,1,0,0,0,0,0,0,1,1,6,81.0,2140
3.5,5,1,16,1,6,1,0,0,5,1,2,1,0,0,1,1,0,0,0,0,1,1,5,1,0,0,0,0,1,1,42,81.0,2140
3.5,0,0,3,1,0,0,0,0,1,1,3,1,0,0,0,0,0,0,1,1,1,1,0,0,1,1,0,0,3,1,13,81.0,2140
3.5,0,0,3,1,0,0,0,0,2,1,0,0,0,0,0,0,0,0,0,0,1,1,2,1,1,1,0,0,6,1,15,81.0,2140
3.5,0,0,3,1,1,1,0,0,0,0,0,0,0,0,0,0,0,0,0,0,0,0,0,0,0,0,0,0,0,0,4,81.0,2140
3.5,2,1,5,1,0,0,0,0,0,0,0,0,0,0,1,1,0,0,0,0,0,0,2,1,0,0,0,0,10,1,20,81.0,2140
3.5,3,1,14,1,3,1,1,1,5,1,4,1,0,0,0,0,0,0,0,0,3,1,0,0,2,1,0,0,3,1,38,81.0,2140
3.5,1,1,0,0,0,0,0,0,0,0,0,0,0,0,0,0,0,0,0,0,0,0,0,0,1,1,0,0,0,0,2,81.0,2140
3.5,0,0,0,0,0,0,0,0,0,0,0,0,0,0,0,0,0,0,0,0,0,0,0,0,0,0,0,0,1,1,1,81.0,2140
3.5,9,1,17,1,0,0,3,1,2,1,1,1,0,0,2,1,0,0,0,0,4,1,3,1,1,1,0,0,1,1,43,81.0,2140
3.5,0,0,0,0,0,0,0,0,0,0,2,1,0,0,1,1,0,0,0,0,0,0,1,1,1,1,0,0,9,1,14,81.0,2140
3.5,1,1,3,1,0,0,0,0,0,0,0,0,0,0,0,0,0,0,0,0,1,1,2,1,3,1,0,0,1,1,11,81.0,2140
5.0,0,0,1,1,0,0,0,0,0,0,0,0,0,0,0,0,0,0,0,0,0,0,0,0,0,0,0,0,0,0,1,120.0,2490
5.0,1,1,4,1,1,1,0,0,1,1,0,0,0,0,0,0,0,0,0,0,3,1,4,1,1,1,0,0,0,0,15,120.0,2490
5.0,4,1,29,1,1,1,3,1,9,1,1,1,0,0,1,1,0,0,0,0,3,1,1,1,3,1,0,0,1,1,56,120.0,2490
5.0,0,0,2,1,0,0,0,0,0,0,0,0,0,0,0,0,0,0,0,0,1,1,0,0,1,1,0,0,0,0,4,120.0,2490
5.0,1,1,8,1,0,0,1,1,2,1,0,0,0,0,0,0,0,0,0,0,0,0,3,1,2,1,0,0,1,1,18,120.0,2490
5.0,0,0,4,1,0,0,0,0,1,1,3,1,0,0,2,1,0,0,1,1,1,1,0,0,1,1,0,0,2,1,15,120.0,2490
5.0,0,0,1,1,0,0,0,0,1,1,0,0,0,0,0,0,0,0,0,0,0,0,0,0,0,0,0,0,0,0,2,120.0,2490
5.0,2,1,14,1,4,1,1,1,16,1,0,0,0,0,0,0,0,0,0,0,3,1,5,1,5,1,0,0,8,1,58,120.0,2490
5.0,1,1,6,1,1,1,1,1,0,0,0,0,0,0,1,1,0,0,0,0,0,0,0,0,2,1,0,0,1,1,13,120.0,2490
5.0,2,1,13,1,9,1,0,0,5,1,2,1,0,0,3,1,0,0,0,0,4,1,2,1,1,1,0,0,4,1,45,120.0,2490
5.0,1,1,6,1,1,1,1,1,0,0,0,0,0,0,0,0,0,0,0,0,1,1,1,1,0,0,0,0,13,1,24,120.0,2490
5.0,0,0,0,0,0,0,0,0,0,0,1,1,0,0,0,0,0,0,0,0,0,0,0,0,0,0,0,0,2,1,3,120.0,2490
5.0,0,0,3,1,0,0,0,0,0,0,3,1,0,0,0,0,0,0,0,0,1,1,0,0,2,1,0,0,4,1,13,120.0,2490
5.0,2,1,2,1,0,0,0,0,1,1,0,0,0,0,0,0,0,0,0,0,1,1,0,0,0,0,0,0,0,0,6,120.0,2490
5.0,2,1,6,1,0,0,0,0,1,1,0,0,0,0,0,0,0,0,0,0,1,1,1,1,2,1,0,0,0,0,13,120.0,2490
5.0,2,1,21,1,1,1,1,1,6,1,4,1,0,0,1,1,0,0,1,1,3,1,1,1,1,1,0,0,2,1,44,120.0,2490
5.0,0,0,8,1,1,1,0,0,2,1,1,1,0,0,0,0,0,0,0,0,2,1,2,1,1,1,0,0,3,1,20,120.0,2490
5.0,0,0,1,1,0,0,1,1,0,0,0,0,0,0,0,0,0,0,0,0,1,1,1,1,1,1,0,0,4,1,9,120.0,2490
3.0,5,1,14,1,4,1,5,1,9,1,1,1,0,0,5,1,0,0,0,0,1,1,4,1,1,1,1,1,4,1,54,49.0,1690
3.0,0,0,1,1,0,0,0,0,0,0,0,0,0,0,0,0,0,0,0,0,0,0,0,0,0,0,0,0,0,0,1,49.0,1690
3.0,1,1,3,1,2,1,0,0,1,1,0,0,0,0,1,1,0,0,0,0,1,1,1,1,1,1,0,0,0,0,11,49.0,1690
3.0,1,1,1,1,0,0,0,0,1,1,0,0,0,0,1,1,0,0,0,0,0,0,0,0,1,1,0,0,8,1,13,49.0,1690
3.0,0,0,4,1,0,0,0,0,1,1,0,0,0,0,0,0,0,0,0,0,0,0,0,0,0,0,0,0,7,1,12,49.0,1690
3.0,1,1,1,1,0,0,0,0,0,0,1,1,0,0,0,0,0,0,0,0,0,0,0,0,0,0,0,0,0,0,3,49.0,1690
3.0,2,1,4,1,0,0,0,0,1,1,0,0,0,0,1,1,0,0,0,0,1,1,1,1,0,0,0,0,1,1,11,49.0,1690
3.0,0,0,5,1,2,1,0,0,1,1,0,0,0,0,0,0,0,0,0,0,2,1,0,0,0,0,0,0,7,1,17,49.0,1690
3.0,0,0,3,1,0,0,1,1,4,1,0,0,0,0,1,1,0,0,0,0,1,1,0,0,1,1,0,0,7,1,18,49.0,1690
3.0,0,0,1,1,0,0,0,0,0,0,0,0,0,0,0,0,0,0,0,0,0,0,0,0,1,1,0,0,0,0,2,49.0,1690
3.0,0,0,1,1,0,0,0,0,0,0,0,0,0,0,0,0,0,0,0,0,0,0,0,0,1,1,0,0,0,0,2,49.0,1690
3.0,2,1,2,1,0,0,0,0,0,0,1,1,0,0,0,0,0,0,0,0,1,1,1,1,2,1,0,0,1,1,10,49.0,1690
3.0,2,1,4,1,2,1,1,1,1,1,2,1,0,0,1,1,0,0,1,1,2,1,0,0,0,0,0,0,0,0,16,49.0,1690
3.0,3,1,13,1,2,1,1,1,3,1,3,1,0,0,2,1,0,0,1,1,6,1,0,0,1,1,0,0,1,1,36,49.0,1690
3.0,0,0,1,1,0,0,0,0,0,0,0,0,0,0,0,0,0,0,0,0,0,0,0,0,0,0,0,0,2,1,3,49.0,1690
3.0,2,1,7,1,0,0,0,0,1,1,0,0,0,0,0,0,0,0,0,0,1,1,4,1,1,1,0,0,1,1,17,49.0,1690
3.0,0,0,2,1,0,0,0,0,3,1,0,0,0,0,0,0,0,0,0,0,1,1,1,1,1,1,0,0,4,1,12,49.0,1690
3.0,15,1,38,1,17,1,4,1,12,1,0,0,0,0,1,1,0,0,2,1,4,1,10,1,12,1,0,0,6,1,121,49.0,1690
3.0,0,0,0,0,0,0,0,0,0,0,0,0,0,0,0,0,0,0,0,0,0,0,0,0,0,0,0,0,2,1,2,49.0,1690
3.0,0,0,4,1,0,0,0,0,0,0,0,0,0,0,0,0,0,0,1,1,0,0,0,0,0,0,0,0,1,1,6,49.0,1690
4.5,1,1,3,1,0,0,0,0,0,0,0,0,0,0,1,1,0,0,0,0,1,1,1,1,1,1,0,0,1,1,9,170.0,4760
4.5,0,0,4,1,0,0,0,0,4,1,0,0,0,0,0,0,0,0,0,0,1,1,0,0,3,1,0,0,2,1,14,170.0,4760
4.5,1,1,6,1,0,0,0,0,0,0,1,1,0,0,1,1,0,0,0,0,2,1,1,1,0,0,0,0,15,1,27,170.0,4760
4.5,1,1,6,1,0,0,0,0,0,0,1,1,0,0,1,1,0,0,0,0,2,1,1,1,0,0,0,0,15,1,27,170.0,4760
4.5,3,1,3,1,0,0,0,0,0,0,0,0,0,0,0,0,0,0,1,1,3,1,2,1,1,1,0,0,0,0,13,170.0,4760
4.5,10,1,32,1,8,1,4,1,13,1,0,0,0,0,1,1,0,0,0,0,3,1,0,0,4,1,0,0,0,0,75,170.0,4760
4.5,1,1,6,1,0,0,0,0,0,0,1,1,0,0,1,1,0,0,0,0,2,1,1,1,0,0,0,0,15,1,27,170.0,4760
4.5,0,0,3,1,0,0,0,0,0,0,0,0,0,0,0,0,0,0,0,0,0,0,0,0,0,0,0,0,2,1,5,170.0,4760
4.5,5,1,17,1,4,1,1,1,0,0,0,0,0,0,1,1,0,0,0,0,4,1,7,1,5,1,1,1,2,1,47,170.0,4760
4.5,0,0,4,1,1,1,0,0,2,1,0,0,0,0,0,0,0,0,0,0,1,1,1,1,4,1,0,0,0,0,13,170.0,4760
4.5,1,1,4,1,0,0,0,0,1,1,0,0,0,0,1,1,0,0,0,0,0,0,0,0,0,0,0,0,1,1,8,170.0,4760
4.5,1,1,17,1,4,1,0,0,2,1,2,1,0,0,2,1,0,0,2,1,1,1,2,1,1,1,0,0,9,1,43,170.0,4760
4.5,0,0,0,0,0,0,0,0,0,0,0,0,0,0,0,0,0,0,0,0,0,0,0,0,0,0,0,0,2,1,2,170.0,4760
4.5,6,1,16,1,4,1,4,1,6,1,0,0,0,0,0,0,0,0,0,0,2,1,1,1,7,1,0,0,0,0,46,170.0,4760
4.5,5,1,15,1,2,1,1,1,3,1,3,1,4,1,4,1,0,0,1,1,5,1,0,0,2,1,0,0,4,1,49,170.0,4760
4.5,0,0,2,1,0,0,0,0,0,0,0,0,0,0,0,0,0,0,0,0,0,0,0,0,1,1,0,0,4,1,7,170.0,4760
4.5,0,0,0,0,0,0,0,0,0,0,1,1,0,0,0,0,0,0,0,0,0,0,0,0,0,0,0,0,0,0,1,170.0,4760
4.5,3,1,10,1,1,1,0,0,0,0,1,1,0,0,3,1,0,0,0,0,1,1,1,1,1,1,0,0,4,1,25,170.0,4760
4.5,1,1,2,1,0,0,0,0,1,1,1,1,0,0,0,0,0,0,0,0,1,1,0,0,2,1,0,0,1,1,9,170.0,4760
4.5,0,0,1,1,0,0,0,0,0,0,0,0,0,0,0,0,0,0,0,0,1,1,1,1,1,1,0,0,0,0,4,97.0,2110
4.5,1,1,3,1,0,0,0,0,0,0,0,0,0,0,0,0,0,0,0,0,0,0,1,1,1,1,0,0,1,1,7,97.0,2110
4.5,1,1,9,1,0,0,0,0,1,1,0,0,0,0,0,0,0,0,0,0,1,1,2,1,0,0,0,0,2,1,16,97.0,2110
4.5,1,1,2,1,0,0,0,0,0,0,0,0,0,0,0,0,0,0,0,0,1,1,0,0,0,0,0,0,3,1,7,97.0,2110
4.5,2,1,24,1,3,1,1,1,3,1,2,1,0,0,2,1,0,0,1,1,4,1,1,1,2,1,0,0,0,0,45,97.0,2110
4.5,0,0,1,1,0,0,0,0,0,0,0,0,0,0,1,1,0,0,0,0,0,0,1,1,2,1,0,0,1,1,6,97.0,2110
4.5,0,0,1,1,0,0,0,0,1,1,1,1,0,0,1,1,0,0,0,0,0,0,0,0,1,1,0,0,1,1,6,97.0,2110
4.5,9,1,16,1,6,1,6,1,7,1,0,0,0,0,0,0,0,0,2,1,3,1,3,1,3,1,0,0,2,1,57,97.0,2110
4.5,2,1,1,1,0,0,0,0,0,0,0,0,0,0,0,0,0,0,0,0,0,0,1,1,0,0,0,0,2,1,6,97.0,2110
4.5,0,0,4,1,0,0,0,0,2,1,0,0,0,0,0,0,0,0,0,0,2,1,0,0,2,1,0,0,7,1,17,97.0,2110
4.5,0,0,4,1,0,0,0,0,4,1,0,0,0,0,0,0,0,0,0,0,2,1,0,0,3,1,0,0,7,1,20,97.0,2110
4.5,0,0,4,1,0,0,0,0,2,1,0,0,0,0,0,0,0,0,0,0,2,1,0,0,2,1,0,0,7,1,17,97.0,2110
4.5,1,1,7,1,1,1,0,0,4,1,0,0,0,0,0,0,0,0,0,0,1,1,0,0,0,0,0,0,0,0,14,97.0,2110
4.5,5,1,22,1,1,1,1,1,8,1,6,1,0,0,0,0,0,0,1,1,1,1,3,1,5,1,0,0,7,1,60,97.0,2110
4.5,2,1,6,1,0,0,0,0,0,0,0,0,0,0,1,1,0,0,1,1,1,1,2,1,0,0,0,0,0,0,13,97.0,2110
4.5,0,0,4,1,1,1,0,0,0,0,0,0,0,0,3,1,0,0,0,0,0,0,0,0,0,0,0,0,0,0,8,97.0,2110
4.5,2,1,3,1,1,1,0,0,0,0,1,1,0,0,2,1,0,0,0,0,2,1,0,0,0,0,0,0,6,1,17,97.0,2110
4.5,2,1,3,1,1,1,0,0,1,1,0,0,0,0,0,0,0,0,0,0,1,1,0,0,3,1,0,0,1,1,12,97.0,2110
4.0,2,1,1,1,0,0,0,0,0,0,0,0,0,0,0,0,0,0,0,0,0,0,2,1,0,0,0,0,2,1,7,92.0,1750
4.0,5,1,15,1,4,1,1,1,6,1,3,1,0,0,4,1,0,0,1,1,3,1,1,1,0,0,0,0,2,1,45,92.0,1750
4.0,1,1,1,1,0,0,0,0,0,0,0,0,0,0,0,0,0,0,0,0,0,0,0,0,0,0,0,0,0,0,2,92.0,1750
4.0,0,0,1,1,0,0,0,0,0,0,0,0,0,0,0,0,0,0,0,0,1,1,0,0,0,0,0,0,1,1,3,92.0,1750
4.0,0,0,2,1,0,0,0,0,0,0,0,0,0,0,0,0,0,0,0,0,0,0,0,0,2,1,0,0,5,1,9,92.0,1750
4.0,1,1,12,1,0,0,0,0,1,1,1,1,0,0,0,0,0,0,0,0,3,1,1,1,2,1,0,0,2,1,23,92.0,1750
4.0,1,1,9,1,0,0,0,0,2,1,1,1,0,0,1,1,0,0,0,0,3,1,2,1,2,1,0,0,3,1,24,92.0,1750
4.0,8,1,37,1,5,1,2,1,7,1,1,1,0,0,0,0,0,0,0,0,1,1,1,1,0,0,0,0,34,1,96,92.0,1750
4.0,1,1,7,1,0,0,0,0,2,1,1,1,0,0,0,0,0,0,0,0,0,0,1,1,0,0,0,0,4,1,16,92.0,1750
4.0,6,1,12,1,0,0,0,0,2,1,0,0,0,0,1,1,0,0,0,0,2,1,0,0,1,1,0,0,0,0,24,92.0,1750
4.0,0,0,7,1,1,1,0,0,1,1,1,1,0,0,0,0,0,0,0,0,0,0,2,1,1,1,1,1,2,1,16,92.0,1750
4.0,2,1,10,1,0,0,0,0,4,1,0,0,0,0,0,0,0,0,0,0,1,1,4,1,3,1,0,0,4,1,28,92.0,1750
4.0,1,1,1,1,0,0,0,0,1,1,0,0,0,0,1,1,0,0,0,0,0,0,2,1,1,1,0,0,0,0,7,92.0,1750
4.0,2,1,12,1,0,0,2,1,2,1,1,1,0,0,0,0,0,0,1,1,1,1,1,1,1,1,0,0,1,1,24,92.0,1750
4.0,5,1,12,1,0,0,0,0,7,1,1,1,0,0,1,1,0,0,0,0,1,1,0,0,1,1,0,0,2,1,30,92.0,1750
4.0,0,0,6,1,0,0,0,0,1,1,0,0,0,0,1,1,0,0,0,0,2,1,0,0,1,1,0,0,2,1,13,92.0,1750
4.0,1,1,10,1,2,1,1,1,2,1,1,1,0,0,1,1,0,0,0,0,1,1,2,1,2,1,0,0,2,1,25,92.0,1750
4.5,3,1,10,1,0,0,0,0,0,0,0,0,0,0,0,0,0,0,0,0,0,0,0,0,1,1,0,0,5,1,19,124.0,2540
4.5,0,0,1,1,0,0,0,0,0,0,0,0,0,0,0,0,0,0,0,0,0,0,0,0,0,0,0,0,0,0,1,124.0,2540
4.5,6,1,30,1,4,1,2,1,10,1,3,1,0,0,3,1,0,0,2,1,2,1,1,1,3,1,0,0,1,1,67,124.0,2540
4.5,0,0,3,1,0,0,0,0,2,1,1,1,0,0,1,1,0,0,0,0,1,1,0,0,0,0,0,0,1,1,9,124.0,2540
4.5,0,0,3,1,0,0,0,0,2,1,1,1,0,0,1,1,0,0,0,0,1,1,0,0,0,0,0,0,1,1,9,124.0,2540
4.5,0,0,8,1,0,0,0,0,0,0,0,0,0,0,0,0,0,0,0,0,1,1,0,0,0,0,0,0,2,1,11,124.0,2540
4.5,11,1,24,1,14,1,0,0,5,1,1,1,0,0,0,0,0,0,1,1,1,1,5,1,5,1,0,0,9,1,76,124.0,2540
4.5,15,1,55,1,27,1,4,1,16,1,2,1,0,0,3,1,0,0,0,0,4,1,8,1,15,1,0,0,13,1,162,124.0,2540
4.5,0,0,0,0,0,0,0,0,0,0,0,0,0,0,0,0,0,0,0,0,0,0,0,0,0,0,0,0,8,1,8,124.0,2540
4.5,2,1,10,1,0,0,0,0,1,1,1,1,2,1,1,1,0,0,0,0,1,1,1,1,0,0,0,0,2,1,21,124.0,2540
4.5,2,1,10,1,0,0,0,0,1,1,1,1,2,1,1,1,0,0,0,0,1,1,1,1,0,0,0,0,2,1,21,124.0,2540
4.5,2,1,10,1,0,0,0,0,1,1,1,1,2,1,1,1,0,0,0,0,1,1,1,1,0,0,0,0,2,1,21,124.0,2540
4.5,2,1,10,1,0,0,0,0,1,1,1,1,2,1,1,1,0,0,0,0,1,1,1,1,0,0,0,0,2,1,21,124.0,2540
4.5,0,0,6,1,2,1,0,0,2,1,0,0,0,0,0,0,0,0,0,0,1,1,2,1,1,1,0,0,1,1,15,124.0,2540
4.5,0,0,2,1,0,0,0,0,0,0,0,0,0,0,0,0,0,0,0,0,0,0,0,0,0,0,0,0,3,1,5,124.0,2540
4.5,0,0,2,1,0,0,0,0,0,0,0,0,0,0,0,0,0,0,0,0,0,0,0,0,0,0,0,0,0,0,2,124.0,2540
4.5,4,1,13,1,2,1,4,1,2,1,0,0,0,0,0,0,0,0,0,0,0,0,1,1,1,1,0,0,0,0,27,124.0,2540
4.5,2,1,10,1,0,0,0,0,2,1,0,0,0,0,1,1,0,0,0,0,1,1,2,1,2,1,0,0,1,1,21,124.0,2540
4.5,0,0,1,1,0,0,0,0,0,0,0,0,0,0,0,0,0,0,0,0,0,0,0,0,1,1,0,0,1,1,3,124.0,2540
5.5,2,1,12,1,1,1,3,1,2,1,0,0,0,0,1,1,0,0,0,0,1,1,0,0,0,0,0,0,3,1,25,150.0,4480
5.5,1,1,2,1,0,0,0,0,0,0,0,0,0,0,0,0,0,0,0,0,1,1,1,1,2,1,0,0,1,1,8,150.0,4480
5.5,1,1,4,1,1,1,0,0,4,1,5,1,0,0,0,0,0,0,0,0,0,0,0,0,1,1,0,0,4,1,20,150.0,4480
5.5,0,0,3,1,1,1,0,0,0,0,0,0,0,0,0,0,0,0,0,0,0,0,0,0,0,0,0,0,1,1,5,150.0,4480
5.5,0,0,5,1,0,0,0,0,6,1,0,0,0,0,0,0,0,0,0,0,0,0,0,0,0,0,0,0,9,1,20,150.0,4480
5.5,1,1,4,1,0,0,0,0,0,0,0,0,0,0,0,0,0,0,0,0,0,0,0,0,1,1,0,0,1,1,7,150.0,4480
5.5,1,1,7,1,2,1,0,0,1,1,0,0,0,0,0,0,0,0,0,0,2,1,1,1,3,1,0,0,8,1,25,150.0,4480
5.5,0,0,3,1,0,0,0,0,0,0,3,1,0,0,0,0,0,0,0,0,0,0,0,0,1,1,0,0,1,1,8,150.0,4480
5.5,1,1,2,1,0,0,0,0,1,1,1,1,0,0,0,0,0,0,0,0,1,1,0,0,0,0,0,0,11,1,17,150.0,4480
5.5,2,1,0,0,2,1,0,0,1,1,0,0,0,0,0,0,0,0,0,0,0,0,1,1,2,1,0,0,3,1,11,150.0,4480
5.5,2,1,5,1,2,1,1,1,3,1,1,1,0,0,0,0,0,0,0,0,0,0,0,0,1,1,0,0,1,1,16,150.0,4480
5.5,5,1,24,1,2,1,0,0,10,1,1,1,0,0,0,0,0,0,2,1,1,1,3,1,5,1,1,1,19,1,73,150.0,4480
5.5,5,1,24,1,2,1,0,0,10,1,1,1,0,0,0,0,0,0,2,1,1,1,3,1,5,1,1,1,19,1,73,150.0,4480
5.5,2,1,16,1,3,1,0,0,2,1,0,0,0,0,1,1,0,0,0,0,4,1,1,1,2,1,0,0,16,1,47,150.0,4480
5.5,0,0,4,1,0,0,0,0,1,1,0,0,0,0,0,0,0,0,0,0,0,0,0,0,0,0,0,0,7,1,12,150.0,4480
5.5,5,1,15,1,9,1,1,1,1,1,0,0,0,0,3,1,0,0,0,0,4,1,3,1,1,1,0,0,0,0,42,150.0,4480
5.5,3,1,1,1,0,0,0,0,0,0,0,0,0,0,1,1,0,0,0,0,0,0,1,1,0,0,0,0,5,1,11,150.0,4480
5.5,2,1,8,1,0,0,0,0,0,0,0,0,0,0,1,1,0,0,1,1,1,1,2,1,0,0,0,0,0,0,15,150.0,4480
5.5,0,0,1,1,0,0,0,0,0,0,0,0,0,0,0,0,0,0,0,0,0,0,0,0,0,0,0,0,0,0,1,150.0,4480
4.0,3,1,5,1,1,1,0,0,2,1,0,0,0,0,0,0,0,0,1,1,0,0,0,0,0,0,0,0,0,0,12,102.0,3590
4.0,2,1,6,1,0,0,0,0,1,1,1,1,0,0,0,0,0,0,0,0,2,1,1,1,1,1,0,0,1,1,15,102.0,3590
4.0,26,1,37,1,9,1,3,1,10,1,0,0,0,0,3,1,0,0,1,1,6,1,6,1,3,1,0,0,3,1,107,102.0,3590
4.0,17,1,29,1,5,1,3,1,6,1,0,0,0,0,5,1,0,0,1,1,3,1,4,1,1,1,0,0,1,1,75,102.0,3590
4.0,0,0,1,1,0,0,0,0,0,0,0,0,0,0,0,0,0,0,0,0,0,0,0,0,0,0,0,0,2,1,3,102.0,3590
4.0,1,1,0,0,0,0,0,0,0,0,0,0,0,0,0,0,0,0,0,0,0,0,0,0,0,0,0,0,1,1,2,102.0,3590
4.0,1,1,5,1,0,0,0,0,0,0,0,0,0,0,1,1,0,0,0,0,1,1,1,1,3,1,0,0,2,1,14,102.0,3590
4.0,5,1,20,1,2,1,4,1,3,1,0,0,0,0,1,1,0,0,0,0,3,1,0,0,1,1,0,0,3,1,42,102.0,3590
4.0,2,1,6,1,0,0,0,0,1,1,1,1,0,0,0,0,0,0,0,0,2,1,1,1,1,1,0,0,1,1,15,102.0,3590
4.0,2,1,6,1,0,0,0,0,1,1,1,1,0,0,0,0,0,0,0,0,2,1,1,1,1,1,0,0,1,1,15,102.0,3590
4.0,1,1,3,1,1,1,0,0,0,0,0,0,0,0,0,0,0,0,0,0,1,1,1,1,1,1,0,0,1,1,9,102.0,3590
4.0,1,1,3,1,1,1,0,0,0,0,0,0,0,0,0,0,0,0,0,0,1,1,1,1,1,1,0,0,1,1,9,102.0,3590
4.0,1,1,9,1,2,1,1,1,1,1,0,0,0,0,1,1,0,0,0,0,1,1,3,1,3,1,0,0,6,1,28,102.0,3590
4.0,8,1,27,1,2,1,2,1,3,1,0,0,0,0,2,1,0,0,1,1,6,1,8,1,7,1,0,0,21,1,87,102.0,3590
4.0,3,1,6,1,0,0,1,1,1,1,7,1,0,0,1,1,0,0,1,1,2,1,3,1,2,1,0,0,2,1,29,102.0,3590
4.0,0,0,7,1,1,1,0,0,0,0,0,0,0,0,1,1,0,0,1,1,1,1,1,1,4,1,0,0,1,1,17,102.0,3590
4.0,0,0,2,1,0,0,0,0,0,0,2,1,0,0,0,0,0,0,0,0,1,1,1,1,1,1,0,0,2,1,9,102.0,3590
4.0,7,1,16,1,0,0,1,1,5,1,2,1,0,0,5,1,0,0,0,0,1,1,1,1,1,1,0,0,1,1,40,102.0,3590
4.0,2,1,11,1,3,1,0,0,2,1,0,0,0,0,1,1,0,0,1,1,2,1,4,1,3,1,0,0,0,0,29,102.0,3590
4.0,1,1,5,1,0,0,0,0,0,0,0,0,0,0,1,1,0,0,0,0,1,1,0,0,1,1,0,0,0,0,9,102.0,3590
5.5,0,0,0,0,0,0,1,1,0,0,0,0,0,0,0,0,0,0,0,0,0,0,0,0,0,0,0,0,1,1,2,140.0,4060
5.5,4,1,8,1,6,1,0,0,9,1,0,0,0,0,1,1,0,0,2,1,0,0,0,0,2,1,0,0,0,0,32,140.0,4060
5.5,0,0,1,1,0,0,0,0,0,0,0,0,0,0,0,0,0,0,0,0,0,0,0,0,0,0,0,0,0,0,1,140.0,4060
5.5,0,0,3,1,0,0,0,0,0,0,0,0,0,0,0,0,0,0,0,0,0,0,1,1,2,1,0,0,3,1,9,140.0,4060
5.5,0,0,5,1,0,0,0,0,1,1,0,0,0,0,0,0,0,0,0,0,2,1,1,1,2,1,0,0,0,0,11,140.0,4060
5.5,2,1,7,1,0,0,1,1,5,1,2,1,0,0,1,1,0,0,0,0,1,1,1,1,4,1,0,0,5,1,29,140.0,4060
5.5,2,1,9,1,2,1,1,1,6,1,1,1,0,0,2,1,0,0,0,0,4,1,2,1,3,1,0,0,0,0,32,140.0,4060
5.5,2,1,9,1,5,1,1,1,3,1,0,0,0,0,1,1,0,0,0,0,1,1,1,1,3,1,1,1,14,1,41,140.0,4060
5.5,0,0,1,1,0,0,0,0,0,0,0,0,0,0,0,0,0,0,0,0,2,1,2,1,0,0,0,0,0,0,5,140.0,4060
5.5,6,1,18,1,0,0,0,0,4,1,3,1,0,0,1,1,0,0,0,0,2,1,3,1,2,1,0,0,5,1,44,140.0,4060
5.5,0,0,0,0,1,1,1,1,3,1,0,0,0,0,0,0,0,0,0,0,0,0,0,0,0,0,0,0,0,0,5,140.0,4060
5.5,5,1,17,1,4,1,2,1,5,1,1,1,0,0,2,1,0,0,0,0,4,1,1,1,1,1,0,0,0,0,42,140.0,4060
5.5,1,1,5,1,1,1,0,0,2,1,0,0,0,0,0,0,0,0,0,0,1,1,3,1,1,1,0,0,2,1,16,140.0,4060
5.5,6,1,18,1,0,0,0,0,4,1,3,1,0,0,1,1,0,0,0,0,2,1,3,1,2,1,0,0,5,1,44,140.0,4060
5.5,6,1,18,1,0,0,0,0,4,1,3,1,0,0,1,1,0,0,0,0,2,1,3,1,2,1,0,0,5,1,44,140.0,4060
5.5,6,1,18,1,0,0,0,0,4,1,3,1,0,0,1,1,0,0,0,0,2,1,3,1,2,1,0,0,5,1,44,140.0,4060
5.5,0,0,0,0,0,0,0,0,0,0,1,1,0,0,0,0,0,0,0,0,0,0,0,0,0,0,0,0,0,0,1,140.0,4060
5.5,0,0,19,1,0,0,1,1,2,1,3,1,0,0,0,0,0,0,1,1,1,1,2,1,2,1,0,0,7,1,38,140.0,4060
3.5,10,1,28,1,9,1,2,1,19,1,3,1,0,0,1,1,0,0,0,0,2,1,12,1,4,1,0,0,5,1,95,93.0,2210
3.5,0,0,3,1,0,0,0,0,0,0,0,0,0,0,0,0,0,0,0,0,0,0,1,1,0,0,0,0,1,1,5,93.0,2210
3.5,5,1,27,1,4,1,0,0,10,1,0,0,1,1,3,1,0,0,0,0,3,1,9,1,5,1,0,0,11,1,78,93.0,2210
3.5,3,1,17,1,4,1,2,1,5,1,1,1,0,0,2,1,0,0,0,0,3,1,0,0,0,0,0,0,0,0,37,93.0,2210
3.5,0,0,4,1,0,0,0,0,2,1,0,0,0,0,1,1,0,0,0,0,3,1,3,1,4,1,0,0,1,1,18,93.0,2210
3.5,5,1,13,1,3,1,2,1,6,1,1,1,0,0,3,1,0,0,0,0,3,1,1,1,0,0,0,0,2,1,39,93.0,2210
3.5,0,0,5,1,0,0,0,0,2,1,0,0,0,0,0,0,0,0,0,0,0,0,1,1,1,1,0,0,1,1,10,93.0,2210
3.5,5,1,39,1,12,1,4,1,6,1,0,0,0,0,0,0,1,1,0,0,1,1,3,1,3,1,0,0,6,1,80,93.0,2210
3.5,5,1,8,1,0,0,0,0,2,1,1,1,0,0,1,1,0,0,0,0,2,1,3,1,1,1,0,0,1,1,24,93.0,2210
3.5,7,1,27,1,4,1,0,0,6,1,2,1,0,0,0,0,0,0,0,0,4,1,8,1,4,1,1,1,3,1,66,93.0,2210
3.5,3,1,9,1,0,0,0,0,2,1,0,0,0,0,0,0,0,0,0,0,4,1,2,1,2,1,0,0,3,1,25,93.0,2210
3.5,0,0,2,1,0,0,0,0,1,1,0,0,0,0,1,1,0,0,0,0,2,1,0,0,1,1,0,0,1,1,8,93.0,2210
3.5,2,1,8,1,0,0,0,0,0,0,0,0,0,0,0,0,0,0,1,1,1,1,3,1,0,0,0,0,0,0,15,93.0,2210
3.5,2,1,7,1,2,1,0,0,0,0,2,1,1,1,0,0,0,0,0,0,1,1,0,0,0,0,0,0,4,1,19,93.0,2210
3.5,0,0,0,0,1,1,0,0,0,0,1,1,0,0,0,0,0,0,0,0,1,1,0,0,0,0,0,0,0,0,3,93.0,2210
3.5,6,1,22,1,15,1,1,1,6,1,0,0,0,0,0,0,0,0,0,0,5,1,2,1,2,1,0,0,0,0,59,93.0,2210
3.5,0,0,2,1,0,0,0,0,1,1,0,0,0,0,1,1,0,0,0,0,0,0,0,0,0,0,0,0,0,0,4,93.0,2210
2.5,4,1,2,1,0,0,0,0,1,1,0,0,0,0,0,0,0,0,0,0,0,0,0,0,1,1,0,0,0,0,8,38.0,2610
2.5,10,1,24,1,1,1,5,1,3,1,0,0,0,0,1,1,0,0,0,0,4,1,7,1,2,1,0,0,2,1,59,38.0,2610
2.5,3,1,20,1,2,1,3,1,5,1,1,1,4,1,3,1,0,0,0,0,1,1,0,0,1,1,0,0,3,1,46,38.0,2610
2.5,10,1,16,1,2,1,0,0,2,1,1,1,1,1,2,1,1,1,0,0,4,1,1,1,2,1,0,0,1,1,43,38.0,2610
2.5,4,1,13,1,1,1,0,0,2,1,0,0,0,0,3,1,0,0,0,0,1,1,0,0,1,1,0,0,1,1,26,38.0,2610
2.5,2,1,5,1,0,0,0,0,0,0,0,0,0,0,0,0,0,0,0,0,0,0,0,0,1,1,0,0,4,1,12,38.0,2610
2.5,0,0,0,0,0,0,0,0,1,1,0,0,0,0,0,0,0,0,0,0,0,0,0,0,0,0,0,0,1,1,2,38.0,2610
2.5,0,0,1,1,0,0,0,0,0,0,0,0,0,0,0,0,0,0,0,0,0,0,0,0,0,0,0,0,2,1,3,38.0,2610
2.5,1,1,8,1,0,0,1,1,0,0,0,0,0,0,1,1,0,0,0,0,3,1,1,1,2,1,0,0,0,0,17,38.0,2610
2.5,8,1,17,1,3,1,0,0,7,1,3,1,0,0,1,1,0,0,1,1,2,1,0,0,4,1,0,0,2,1,48,38.0,2610
2.5,0,0,1,1,0,0,0,0,0,0,0,0,0,0,0,0,0,0,0,0,1,1,0,0,1,1,0,0,2,1,5,38.0,2610
2.5,0,0,3,1,0,0,0,0,0,0,1,1,0,0,1,1,0,0,0,0,1,1,1,1,1,1,0,0,1,1,9,38.0,2610
2.5,5,1,24,1,2,1,0,0,10,1,1,1,0,0,0,0,0,0,2,1,1,1,3,1,5,1,1,1,19,1,73,38.0,2610
2.5,5,1,13,1,2,1,3,1,9,1,1,1,0,0,1,1,0,0,1,1,2,1,0,0,2,1,0,0,5,1,44,38.0,2610
2.5,4,1,20,1,1,1,0,0,10,1,1,1,0,0,0,0,0,0,1,1,1,1,2,1,4,1,1,1,25,1,70,38.0,2610
2.5,4,1,20,1,1,1,0,0,10,1,1,1,0,0,0,0,0,0,1,1,1,1,2,1,4,1,1,1,25,1,70,38.0,2610
2.5,14,1,44,1,21,1,3,1,20,1,0,0,0,0,1,1,0,0,0,0,7,1,2,1,7,1,0,0,7,1,126,38.0,2610
2.5,19,1,58,1,16,1,13,1,20,1,2,1,0,0,3,1,0,0,4,1,3,1,6,1,10,1,0,0,5,1,159,38.0,2610
2.5,4,1,13,1,2,1,1,1,2,1,4,1,0,0,1,1,0,0,0,0,0,0,0,0,1,1,0,0,20,1,48,38.0,2610
2.5,0,0,1,1,0,0,0,0,0,0,0,0,0,0,0,0,0,0,0,0,0,0,2,1,0,0,0,0,0,0,3,38.0,2610
4.5,0,0,6,1,0,0,0,0,0,0,0,0,0,0,0,0,0,0,0,0,0,0,1,1,0,0,0,0,0,0,7,121.0,2730
4.5,3,1,7,1,0,0,0,0,4,1,5,1,0,0,1,1,0,0,0,0,0,0,1,1,0,0,0,0,0,0,21,121.0,2730
4.5,2,1,7,1,0,0,0,0,1,1,0,0,0,0,0,0,0,0,0,0,0,0,2,1,3,1,0,0,2,1,17,121.0,2730
4.5,1,1,1,1,0,0,0,0,0,0,0,0,0,0,1,1,0,0,0,0,0,0,1,1,2,1,0,0,2,1,8,121.0,2730
4.5,6,1,13,1,4,1,0,0,2,1,0,0,0,0,1,1,0,0,0,0,2,1,2,1,1,1,0,0,5,1,36,121.0,2730
4.5,1,1,3,1,0,0,0,0,0,0,0,0,0,0,0,0,0,0,0,0,0,0,0,0,0,0,0,0,9,1,13,121.0,2730
4.5,1,1,7,1,0,0,1,1,0,0,0,0,0,0,0,0,0,0,0,0,3,1,1,1,2,1,0,0,3,1,18,121.0,2730
4.5,0,0,5,1,0,0,0,0,0,0,1,1,0,0,0,0,0,0,0,0,1,1,0,0,0,0,0,0,7,1,14,121.0,2730
4.5,0,0,1,1,0,0,0,0,0,0,0,0,0,0,0,0,0,0,0,0,0,0,0,0,0,0,0,0,0,0,1,121.0,2730
4.5,1,1,1,1,0,0,0,0,0,0,0,0,0,0,0,0,0,0,0,0,0,0,1,1,1,1,0,0,3,1,7,121.0,2730
4.5,0,0,3,1,0,0,0,0,0,0,0,0,0,0,0,0,0,0,0,0,0,0,0,0,1,1,0,0,5,1,9,121.0,2730
4.5,0,0,1,1,0,0,0,0,0,0,1,1,0,0,0,0,0,0,0,0,0,0,0,0,0,0,0,0,2,1,4,121.0,2730
4.5,0,0,17,1,2,1,1,1,2,1,0,0,0,0,1,1,0,0,0,0,1,1,5,1,1,1,0,0,2,1,32,121.0,2730
4.5,0,0,1,1,0,0,0,0,1,1,0,0,0,0,0,0,0,0,0,0,1,1,3,1,0,0,0,0,1,1,7,121.0,2730
4.5,0,0,1,1,0,0,0,0,0,0,0,0,0,0,0,0,0,0,0,0,0,0,0,0,0,0,0,0,0,0,1,121.0,2730
4.5,0,0,1,1,0,0,0,0,0,0,0,0,0,0,1,1,0,0,0,0,0,0,1,1,0,0,0,0,1,1,4,121.0,2730
4.5,2,1,8,1,1,1,1,1,0,0,4,1,0,0,0,0,0,0,0,0,0,0,0,0,1,1,0,0,6,1,23,121.0,2730
4.5,0,0,2,1,0,0,0,0,0,0,1,1,0,0,1,1,0,0,0,0,0,0,0,0,0,0,0,0,1,1,5,121.0,2730
4.5,4,1,8,1,0,0,0,0,1,1,0,0,0,0,1,1,0,0,0,0,3,1,3,1,2,1,0,0,0,0,22,121.0,2730
5.0,0,0,15,1,1,1,0,0,0,0,3,1,0,0,1,1,0,0,0,0,2,1,2,1,0,0,0,0,1,1,25,96.0,2310
5.0,2,1,5,1,1,1,0,0,1,1,1,1,0,0,0,0,0,0,0,0,1,1,1,1,1,1,0,0,2,1,15,96.0,2310
5.0,0,0,1,1,0,0,0,0,0,0,0,0,0,0,0,0,0,0,0,0,0,0,0,0,0,0,0,0,0,0,1,96.0,2310
5.0,0,0,2,1,0,0,0,0,0,0,1,1,0,0,0,0,0,0,0,0,0,0,1,1,1,1,0,0,0,0,5,96.0,2310
5.0,0,0,7,1,0,0,0,0,2,1,2,1,0,0,1,1,0,0,0,0,2,1,1,1,2,1,0,0,1,1,18,96.0,2310
5.0,4,1,1,1,1,1,0,0,1,1,1,1,0,0,0,0,0,0,0,0,1,1,1,1,1,1,0,0,2,1,13,96.0,2310
5.0,3,1,12,1,2,1,0,0,1,1,1,1,0,0,1,1,0,0,1,1,1,1,0,0,0,0,0,0,1,1,23,96.0,2310
5.0,0,0,2,1,0,0,0,0,0,0,1,1,0,0,0,0,0,0,0,0,0,0,0,0,0,0,0,0,0,0,3,96.0,2310
5.0,2,1,11,1,0,0,0,0,4,1,3,1,0,0,1,1,0,0,0,0,0,0,0,0,0,0,0,0,1,1,22,96.0,2310
5.0,2,1,7,1,1,1,1,1,4,1,1,1,0,0,0,0,0,0,0,0,2,1,0,0,2,1,0,0,2,1,22,96.0,2310
5.0,0,0,4,1,0,0,0,0,0,0,0,0,0,0,0,0,0,0,0,0,0,0,1,1,1,1,0,0,2,1,8,96.0,2310
5.0,0,0,0,0,0,0,0,0,0,0,0,0,0,0,0,0,0,0,0,0,0,0,0,0,2,1,0,0,0,0,2,96.0,2310
5.0,0,0,1,1,2,1,0,0,1,1,0,0,0,0,0,0,0,0,0,0,0,0,2,1,2,1,0,0,2,1,10,96.0,2310
5.0,0,0,3,1,0,0,0,0,3,1,0,0,0,0,1,1,0,0,0,0,0,0,0,0,0,0,0,0,6,1,13,96.0,2310
5.0,6,1,15,1,3,1,0,0,3,1,0,0,0,0,0,0,0,0,0,0,3,1,1,1,3,1,1,1,3,1,38,96.0,2310
5.0,0,0,2,1,0,0,0,0,0,0,0,0,0,0,0,0,0,0,0,0,0,0,1,1,1,1,0,0,2,1,6,96.0,2310
5.0,2,1,6,1,0,0,0,0,0,0,0,0,0,0,0,0,0,0,0,0,0,0,1,1,1,1,0,0,0,0,10,96.0,2310
5.0,1,1,1,1,0,0,0,0,0,0,0,0,0,0,0,0,0,0,2,1,1,1,1,1,1,1,0,0,0,0,7,96.0,2310
5.0,7,1,6,1,2,1,1,1,2,1,1,1,0,0,1,1,0,0,0,0,2,1,2,1,0,0,0,0,3,1,27,96.0,2310
5.0,4,1,16,1,2,1,1,1,12,1,1,1,0,0,0,0,0,0,0,0,0,0,1,1,1,1,0,0,7,1,45,96.0,2310
6.5,1,1,0,0,0,0,0,0,0,0,0,0,0,0,1,1,0,0,0,0,0,0,0,0,2,1,0,0,0,0,4,220.0,4690
6.5,0,0,1,1,0,0,0,0,0,0,0,0,0,0,0,0,0,0,0,0,0,0,0,0,0,0,0,0,1,1,2,220.0,4690
6.5,1,1,7,1,0,0,1,1,1,1,0,0,0,0,0,0,0,0,0,0,2,1,3,1,0,0,0,0,2,1,17,220.0,4690
6.5,0,0,3,1,0,0,0,0,0,0,0,0,0,0,1,1,0,0,0,0,0,0,0,0,0,0,0,0,0,0,4,220.0,4690
6.5,0,0,0,0,0,0,0,0,0,0,1,1,0,0,0,0,0,0,0,0,0,0,0,0,0,0,0,0,1,1,2,220.0,4690
6.5,3,1,8,1,0,0,1,1,1,1,0,0,0,0,0,0,0,0,1,1,4,1,1,1,0,0,0,0,0,0,19,220.0,4690
6.5,6,1,15,1,8,1,1,1,6,1,2,1,0,0,0,0,0,0,0,0,1,1,2,1,4,1,0,0,2,1,47,220.0,4690
6.5,1,1,2,1,0,0,0,0,1,1,0,0,0,0,1,1,0,0,0,0,1,1,0,0,0,0,0,0,2,1,8,220.0,4690
6.5,1,1,0,0,0,0,0,0,0,0,0,0,0,0,1,1,0,0,1,1,0,0,0,0,0,0,0,0,1,1,4,220.0,4690
6.5,3,1,3,1,2,1,0,0,1,1,1,1,0,0,0,0,0,0,0,0,1,1,3,1,0,0,0,0,1,1,15,220.0,4690
6.5,0,0,1,1,0,0,0,0,0,0,0,0,0,0,0,0,0,0,0,0,0,0,0,0,0,0,0,0,0,0,1,220.0,4690
6.5,0,0,0,0,0,0,0,0,0,0,0,0,0,0,0,0,0,0,0,0,0,0,0,0,0,0,0,0,4,1,4,220.0,4690
6.5,0,0,1,1,0,0,0,0,1,1,0,0,0,0,1,1,0,0,0,0,1,1,0,0,1,1,0,0,3,1,8,220.0,4690
6.5,1,1,1,1,0,0,0,0,0,0,0,0,0,0,1,1,0,0,0,0,1,1,0,0,1,1,0,0,0,0,5,220.0,4690
6.5,2,1,16,1,3,1,0,0,2,1,0,0,0,0,1,1,0,0,0,0,4,1,1,1,2,1,0,0,16,1,47,220.0,4690
6.5,0,0,2,1,0,0,0,0,1,1,0,0,0,0,1,1,0,0,0,0,0,0,0,0,0,0,0,0,0,0,4,220.0,4690
8.0,0,0,0,0,0,0,0,0,0,0,0,0,0,0,0,0,0,0,0,0,0,0,0,0,0,0,0,0,2,1,2,300.0,5390
8.0,0,0,4,1,0,0,0,0,0,0,0,0,0,0,0,0,0,0,0,0,1,1,0,0,0,0,0,0,2,1,7,300.0,5390
8.0,2,1,5,1,0,0,0,0,2,1,1,1,0,0,0,0,0,0,0,0,1,1,0,0,0,0,0,0,5,1,16,300.0,5390
8.0,5,1,13,1,0,0,2,1,0,0,0,0,0,0,0,0,0,0,0,0,3,1,6,1,2,1,0,0,6,1,37,300.0,5390
8.0,1,1,3,1,0,0,0,0,1,1,0,0,0,0,1,1,0,0,0,0,2,1,1,1,0,0,0,0,6,1,15,300.0,5390
8.0,7,1,29,1,6,1,2,1,4,1,0,0,0,0,1,1,0,0,0,0,1,1,1,1,5,1,0,0,0,0,56,300.0,5390
8.0,0,0,1,1,0,0,0,0,1,1,0,0,0,0,0,0,0,0,1,1,0,0,0,0,1,1,0,0,3,1,7,300.0,5390
8.0,8,1,31,1,3,1,1,1,3,1,1,1,0,0,0,0,0,0,0,0,4,1,1,1,0,0,0,0,1,1,53,300.0,5390
8.0,3,1,9,1,1,1,1,1,3,1,2,1,0,0,0,0,0,0,0,0,2,1,1,1,1,1,0,0,14,1,37,300.0,5390
8.0,9,1,33,1,7,1,1,1,5,1,1,1,0,0,5,1,0,0,0,0,3,1,2,1,3,1,0,0,3,1,72,300.0,5390
8.0,0,0,2,1,0,0,0,0,0,0,1,1,0,0,0,0,0,0,0,0,1,1,1,1,1,1,0,0,0,0,6,300.0,5390
8.0,0,0,1,1,0,0,0,0,0,0,0,0,0,0,0,0,0,0,0,0,0,0,0,0,0,0,0,0,1,1,2,300.0,5390
8.0,11,1,35,1,8,1,1,1,12,1,3,1,0,0,2,1,0,0,0,0,4,1,2,1,3,1,0,0,4,1,85,300.0,5390
8.0,0,0,0,0,0,0,0,0,1,1,2,1,0,0,0,0,0,0,0,0,0,0,0,0,0,0,0,0,2,1,5,300.0,5390
8.0,0,0,0,0,0,0,0,0,0,0,1,1,0,0,0,0,0,0,0,0,0,0,0,0,0,0,0,0,1,1,2,300.0,5390
8.0,0,0,0,0,0,0,0,0,0,0,1,1,0,0,0,0,0,0,0,0,0,0,0,0,0,0,0,0,0,0,1,300.0,5390
8.0,0,0,1,1,0,0,0,0,1,1,0,0,0,0,0,0,0,0,0,0,0,0,0,0,0,0,0,0,2,1,4,300.0,5390
8.0,3,1,10,1,0,0,0,0,4,1,0,0,0,0,0,0,0,0,0,0,2,1,0,0,2,1,0,0,5,1,26,300.0,5390
8.0,2,1,8,1,4,1,1,1,3,1,0,0,0,0,1,1,0,0,0,0,1,1,1,1,3,1,1,1,14,1,39,300.0,5390
8.0,1,1,4,1,0,0,0,0,1,1,0,0,0,0,0,0,0,0,0,0,3,1,1,1,0,0,0,0,0,0,10,300.0,5390
3.5,0,0,5,1,1,1,0,0,1,1,1,1,0,0,0,0,0,0,0,0,0,0,1,1,0,0,0,0,1,1,10,85.0,2130
3.5,1,1,6,1,1,1,0,0,0,0,0,0,0,0,1,1,0,0,0,0,2,1,4,1,0,0,0,0,1,1,16,85.0,2130
3.5,0,0,0,0,0,0,0,0,0,0,0,0,0,0,0,0,0,0,0,0,0,0,1,1,2,1,0,0,3,1,6,85.0,2130
3.5,0,0,0,0,0,0,0,0,0,0,1,1,0,0,0,0,0,0,0,0,0,0,1,1,0,0,0,0,0,0,2,85.0,2130
3.5,0,0,1,1,0,0,0,0,0,0,0,0,0,0,0,0,0,0,0,0,0,0,0,0,0,0,0,0,0,0,1,85.0,2130
3.5,0,0,0,0,0,0,0,0,0,0,0,0,0,0,0,0,0,0,0,0,0,0,0,0,0,0,0,0,1,1,1,85.0,2130
3.5,3,1,5,1,2,1,0,0,1,1,0,0,0,0,1,1,0,0,0,0,3,1,3,1,3,1,0,0,14,1,35,85.0,2130
3.5,2,1,2,1,0,0,0,0,1,1,0,0,0,0,0,0,0,0,0,0,1,1,2,1,1,1,0,0,1,1,10,85.0,2130
3.5,0,0,3,1,0,0,0,0,0,0,0,0,0,0,0,0,0,0,0,0,0,0,0,0,0,0,0,0,3,1,6,85.0,2130
3.5,0,0,4,1,0,0,1,1,3,1,0,0,0,0,0,0,0,0,0,0,1,1,2,1,3,1,0,0,1,1,15,85.0,2130
3.5,3,1,14,1,3,1,0,0,2,1,0,0,0,0,0,0,0,0,0,0,2,1,2,1,1,1,0,0,2,1,29,85.0,2130
3.5,1,1,2,1,0,0,0,0,0,0,0,0,0,0,0,0,0,0,0,0,0,0,0,0,0,0,0,0,0,0,3,85.0,2130
3.5,0,0,1,1,0,0,0,0,0,0,0,0,0,0,0,0,0,0,0,0,0,0,0,0,0,0,0,0,0,0,1,85.0,2130
3.5,1,1,4,1,0,0,0,0,1,1,2,1,0,0,0,0,0,0,0,0,0,0,1,1,0,0,0,0,16,1,25,85.0,2130
3.5,1,1,0,0,0,0,0,0,0,0,0,0,0,0,0,0,0,0,0,0,0,0,0,0,0,0,0,0,1,1,2,85.0,2130
3.5,0,0,5,1,0,0,0,0,1,1,0,0,0,0,0,0,0,0,0,0,1,1,1,1,1,1,0,0,1,1,10,85.0,2130
3.5,2,1,9,1,1,1,0,0,0,0,2,1,0,0,1,1,0,0,1,1,3,1,4,1,1,1,0,0,2,1,26,85.0,2130
4.5,7,1,17,1,2,1,2,1,1,1,1,1,0,0,1,1,0,0,1,1,4,1,7,1,5,1,0,0,11,1,59,118.0,2460
4.5,0,0,1,1,0,0,0,0,0,0,0,0,0,0,0,0,0,0,0,0,0,0,0,0,0,0,0,0,1,1,2,118.0,2460
4.5,0,0,6,1,0,0,0,0,4,1,0,0,0,0,0,0,0,0,0,0,1,1,0,0,1,1,0,0,2,1,14,118.0,2460
4.5,2,1,3,1,0,0,0,0,1,1,0,0,0,0,0,0,0,0,0,0,0,0,0,0,1,1,0,0,0,0,7,118.0,2460
4.5,0,0,4,1,1,1,0,0,0,0,0,0,0,0,0,0,0,0,0,0,0,0,0,0,0,0,0,0,0,0,5,118.0,2460
4.5,0,0,2,1,0,0,0,0,0,0,1,1,0,0,0,0,0,0,0,0,0,0,0,0,0,0,0,0,0,0,3,118.0,2460
4.5,0,0,2,1,0,0,0,0,0,0,1,1,0,0,0,0,0,0,0,0,0,0,0,0,1,1,0,0,0,0,4,118.0,2460
4.5,1,1,3,1,0,0,0,0,2,1,0,0,0,0,0,0,0,0,0,0,1,1,1,1,0,0,0,0,1,1,9,118.0,2460
4.5,2,1,6,1,0,0,0,0,0,0,1,1,0,0,0,0,0,0,0,0,0,0,0,0,0,0,0,0,1,1,10,118.0,2460
4.5,0,0,1,1,0,0,0,0,0,0,0,0,0,0,1,1,0,0,0,0,0,0,0,0,1,1,0,0,1,1,4,118.0,2460
4.5,0,0,3,1,0,0,0,0,1,1,0,0,0,0,1,1,0,0,0,0,1,1,1,1,2,1,0,0,1,1,10,118.0,2460
4.5,0,0,2,1,0,0,0,0,0,0,0,0,0,0,0,0,0,0,0,0,0,0,1,1,1,1,0,0,0,0,4,118.0,2460
4.5,3,1,7,1,1,1,1,1,2,1,0,0,0,0,1,1,0,0,0,0,1,1,1,1,1,1,0,0,3,1,21,118.0,2460
4.5,2,1,2,1,0,0,0,0,0,0,0,0,0,0,1,1,0,0,0,0,0,0,0,0,2,1,0,0,1,1,8,118.0,2460
4.5,2,1,16,1,5,1,1,1,1,1,1,1,0,0,3,1,0,0,0,0,1,1,1,1,0,0,0,0,1,1,32,118.0,2460
4.5,0,0,5,1,0,0,0,0,0,0,0,0,0,0,2,1,0,0,0,0,1,1,0,0,1,1,0,0,2,1,11,118.0,2460
5.5,0,0,1,1,0,0,0,0,0,0,0,0,0,0,0,0,0,0,0,0,0,0,0,0,0,0,0,0,2,1,3,220.0,4340
5.5,3,1,8,1,1,1,0,0,2,1,0,0,0,0,1,1,0,0,0,0,2,1,1,1,0,0,0,0,7,1,25,220.0,4340
5.5,6,1,13,1,3,1,0,0,0,0,2,1,1,1,1,1,0,0,0,0,5,1,1,1,2,1,0,0,1,1,35,220.0,4340
5.5,3,1,9,1,1,1,1,1,1,1,0,0,0,0,1,1,0,0,0,0,3,1,3,1,0,0,0,0,3,1,25,220.0,4340
5.5,0,0,1,1,1,1,0,0,0,0,0,0,0,0,0,0,0,0,0,0,0,0,2,1,0,0,0,0,1,1,5,220.0,4340
5.5,0,0,0,0,0,0,0,0,0,0,1,1,0,0,0,0,0,0,0,0,0,0,0,0,0,0,0,0,0,0,1,220.0,4340
5.5,0,0,0,0,0,0,0,0,1,1,0,0,0,0,0,0,0,0,0,0,0,0,0,0,0,0,0,0,2,1,3,220.0,4340
5.5,6,1,16,1,3,1,1,1,12,1,0,0,0,0,0,0,0,0,0,0,3,1,1,1,3,1,0,0,1,1,46,220.0,4340
5.5,1,1,5,1,0,0,0,0,0,0,0,0,0,0,0,0,0,0,0,0,0,0,2,1,0,0,0,0,2,1,10,220.0,4340
5.5,4,1,11,1,1,1,0,0,3,1,2,1,0,0,1,1,0,0,0,0,3,1,5,1,2,1,0,0,20,1,52,220.0,4340
5.5,2,1,11,1,3,1,1,1,2,1,1,1,0,0,0,0,0,0,0,0,4,1,6,1,7,1,0,0,5,1,42,220.0,4340
5.5,0,0,7,1,0,0,0,0,0,0,0,0,0,0,0,0,0,0,0,0,1,1,0,0,0,0,0,0,2,1,10,220.0,4340
5.5,1,1,7,1,2,1,0,0,4,1,2,1,0,0,0,0,0,0,0,0,2,1,0,0,1,1,0,0,2,1,21,220.0,4340
5.5,0,0,3,1,0,0,0,0,0,0,2,1,0,0,1,1,0,0,0,0,0,0,1,1,3,1,0,0,12,1,22,220.0,4340
5.5,1,1,7,1,0,0,0,0,2,1,0,0,0,0,0,0,0,0,0,0,1,1,0,0,0,0,0,0,1,1,12,220.0,4340
5.5,1,1,3,1,1,1,0,0,0,0,0,0,0,0,1,1,0,0,0,0,0,0,2,1,0,0,0,0,1,1,9,220.0,4340
5.5,1,1,2,1,2,1,0,0,5,1,0,0,0,0,0,0,0,0,0,0,0,0,0,0,1,1,0,0,2,1,13,220.0,4340
5.5,2,1,9,1,0,0,0,0,6,1,6,1,0,0,0,0,0,0,0,0,2,1,1,1,3,1,0,0,0,0,29,220.0,4340
5.5,0,0,3,1,0,0,0,0,2,1,0,0,0,0,1,1,0,0,0,0,1,1,0,0,1,1,0,0,0,0,8,220.0,4340
5.5,2,1,11,1,1,1,4,1,3,1,1,1,0,0,1,1,0,0,0,0,4,1,1,1,1,1,0,0,5,1,34,220.0,4340
5.5,1,1,1,1,1,1,0,0,1,1,0,0,0,0,1,1,0,0,0,0,1,1,1,1,1,1,0,0,0,0,8,140.0,2520
5.5,6,1,24,1,2,1,4,1,11,1,2,1,0,0,0,0,0,0,0,0,4,1,0,0,1,1,0,0,5,1,59,140.0,2520
5.5,5,1,22,1,3,1,1,1,8,1,1,1,0,0,0,0,0,0,0,0,1,1,0,0,3,1,0,0,2,1,46,140.0,2520
5.5,0,0,9,1,1,1,0,0,2,1,0,0,0,0,1,1,0,0,0,0,1,1,0,0,1,1,0,0,6,1,21,140.0,2520
5.5,5,1,5,1,1,1,0,0,1,1,2,1,1,1,4,1,0,0,0,0,1,1,0,0,0,0,0,0,2,1,22,140.0,2520
5.5,17,1,60,1,15,1,9,1,11,1,1,1,0,0,5,1,0,0,2,1,2,1,5,1,7,1,0,0,2,1,136,140.0,2520
5.5,0,0,3,1,0,0,0,0,0,0,0,0,0,0,0,0,0,0,0,0,2,1,0,0,2,1,0,0,9,1,16,140.0,2520
5.5,0,0,1,1,0,0,0,0,0,0,0,0,0,0,0,0,0,0,0,0,0,0,0,0,0,0,0,0,2,1,3,140.0,2520
5.5,1,1,0,0,0,0,0,0,0,0,0,0,0,0,0,0,0,0,0,0,0,0,0,0,0,0,0,0,0,0,1,140.0,2520
5.5,2,1,3,1,0,0,0,0,1,1,0,0,0,0,0,0,0,0,0,0,0,0,0,0,1,1,0,0,0,0,7,140.0,2520
5.5,2,1,1,1,1,1,0,0,0,0,0,0,0,0,0,0,0,0,0,0,2,1,1,1,1,1,0,0,1,1,9,140.0,2520
5.5,0,0,2,1,0,0,0,0,1,1,0,0,0,0,1,1,0,0,0,0,2,1,2,1,2,1,0,0,1,1,11,140.0,2520
5.5,6,1,23,1,5,1,0,0,7,1,3,1,0,0,1,1,1,1,0,0,4,1,2,1,2,1,0,0,1,1,55,140.0,2520
5.5,0,0,2,1,0,0,0,0,0,0,0,0,0,0,0,0,0,0,0,0,1,1,0,0,1,1,0,0,1,1,5,140.0,2520
5.5,0,0,1,1,1,1,0,0,1,1,0,0,0,0,0,0,0,0,0,0,1,1,1,1,1,1,0,0,0,0,6,140.0,2520
5.5,0,0,0,0,0,0,0,0,0,0,0,0,0,0,0,0,0,0,0,0,0,0,0,0,1,1,0,0,0,0,1,140.0,2520
5.5,0,0,0,0,0,0,0,0,0,0,0,0,0,0,0,0,0,0,0,0,0,0,0,0,0,0,0,0,3,1,3,140.0,2520
5.5,6,1,13,1,3,1,0,0,0,0,2,1,1,1,1,1,0,0,0,0,5,1,1,1,2,1,0,0,1,1,35,122.0,3920
5.5,8,1,24,1,4,1,1,1,5,1,4,1,0,0,0,0,0,0,3,1,1,1,1,1,4,1,0,0,4,1,59,122.0,3920
5.5,0,0,0,0,0,0,0,0,0,0,0,0,0,0,0,0,0,0,0,0,0,0,2,1,1,1,0,0,0,0,3,122.0,3920
5.5,1,1,5,1,0,0,0,0,1,1,2,1,0,0,1,1,0,0,0,0,1,1,1,1,2,1,0,0,4,1,18,122.0,3920
5.5,2,1,8,1,0,0,0,0,0,0,0,0,0,0,0,0,0,0,0,0,4,1,2,1,0,0,0,0,1,1,17,122.0,3920
5.5,0,0,0,0,0,0,0,0,0,0,0,0,0,0,1,1,0,0,0,0,0,0,0,0,1,1,0,0,1,1,3,122.0,3920
5.5,2,1,6,1,0,0,0,0,1,1,0,0,0,0,0,0,0,0,0,0,1,1,1,1,3,1,0,0,0,0,14,122.0,3920
5.5,0,0,7,1,1,1,0,0,0,0,0,0,0,0,0,0,0,0,0,0,1,1,0,0,0,0,0,0,1,1,10,122.0,3920
5.5,4,1,5,1,0,0,0,0,0,0,0,0,0,0,0,0,0,0,0,0,1,1,1,1,0,0,0,0,0,0,11,122.0,3920
5.5,2,1,8,1,1,1,0,0,0,0,1,1,0,0,1,1,0,0,1,1,4,1,4,1,1,1,0,0,1,1,24,122.0,3920
5.5,0,0,1,1,1,1,0,0,0,0,0,0,0,0,0,0,0,0,0,0,0,0,0,0,0,0,0,0,0,0,2,122.0,3920
5.5,0,0,2,1,0,0,0,0,0,0,0,0,0,0,0,0,0,0,0,0,0,0,1,1,1,1,0,0,0,0,4,122.0,3920
5.5,0,0,1,1,0,0,0,0,0,0,0,0,0,0,0,0,0,0,0,0,0,0,0,0,0,0,0,0,2,1,3,122.0,3920
5.5,2,1,14,1,0,0,2,1,2,1,1,1,0,0,1,1,0,0,1,1,1,1,1,1,1,1,0,0,1,1,27,122.0,3920
5.5,3,1,21,1,4,1,0,0,3,1,3,1,0,0,0,0,0,0,0,0,2,1,1,1,3,1,1,1,2,1,43,122.0,3920
5.5,3,1,6,1,2,1,1,1,3,1,3,1,2,1,2,1,0,0,1,1,3,1,0,0,1,1,0,0,2,1,29,122.0,3920
5.5,0,0,4,1,0,0,2,1,0,0,0,0,0,0,0,0,0,0,0,0,1,1,0,0,1,1,0,0,2,1,10,122.0,3920
5.5,0,0,7,1,1,1,0,0,2,1,1,1,0,0,0,0,0,0,0,0,2,1,2,1,1,1,0,0,6,1,22,122.0,3920
5.0,7,1,28,1,0,0,1,1,7,1,5,1,0,0,4,1,0,0,0,0,0,0,1,1,0,0,0,0,0,0,53,140.0,3850
5.0,0,0,2,1,0,0,0,0,0,0,0,0,0,0,0,0,0,0,0,0,0,0,0,0,0,0,0,0,0,0,2,140.0,3850
5.0,0,0,5,1,0,0,0,0,1,1,0,0,0,0,0,0,0,0,0,0,1,1,0,0,0,0,0,0,1,1,8,140.0,3850
5.0,0,0,11,1,1,1,0,0,3,1,0,0,0,0,0,0,0,0,2,1,0,0,0,0,2,1,0,0,10,1,29,140.0,3850
5.0,1,1,6,1,1,1,1,1,0,0,0,0,0,0,0,0,0,0,0,0,1,1,2,1,4,1,0,0,1,1,17,140.0,3850
5.0,0,0,1,1,1,1,0,0,0,0,0,0,0,0,1,1,0,0,0,0,0,0,0,0,0,0,0,0,0,0,3,140.0,3850
5.0,2,1,10,1,0,0,1,1,1,1,1,1,0,0,1,1,0,0,0,0,2,1,1,1,1,1,0,0,3,1,23,140.0,3850
5.0,1,1,4,1,0,0,0,0,0,0,0,0,0,0,0,0,0,0,0,0,0,0,0,0,0,0,0,0,7,1,12,140.0,3850
5.0,0,0,7,1,0,0,0,0,2,1,0,0,0,0,0,0,0,0,2,1,0,0,0,0,1,1,0,0,5,1,17,140.0,3850
5.0,0,0,6,1,0,0,0,0,3,1,0,0,0,0,1,1,0,0,0,0,2,1,2,1,2,1,0,0,3,1,19,140.0,3850
5.0,1,1,5,1,2,1,1,1,0,0,1,1,0,0,1,1,0,0,2,1,1,1,4,1,2,1,0,0,2,1,22,140.0,3850
5.0,1,1,3,1,1,1,0,0,0,0,6,1,0,0,0,0,0,0,1,1,0,0,0,0,1,1,0,0,1,1,14,140.0,3850
5.0,0,0,1,1,0,0,1,1,2,1,0,0,0,0,0,0,0,0,0,0,0,0,0,0,1,1,0,0,1,1,6,140.0,3850
5.0,0,0,3,1,0,0,0,0,2,1,1,1,0,0,1,1,0,0,0,0,2,1,0,0,1,1,0,0,1,1,11,140.0,3850
5.0,1,1,1,1,0,0,0,0,0,0,0,0,0,0,0,0,0,0,0,0,1,1,1,1,2,1,0,0,2,1,8,140.0,3850
5.0,4,1,11,1,2,1,1,1,5,1,2,1,0,0,0,0,0,0,0,0,1,1,2,1,2,1,0,0,1,1,31,140.0,3850
5.0,2,1,4,1,0,0,0,0,0,0,0,0,0,0,0,0,0,0,0,0,0,0,0,0,0,0,0,0,0,0,6,140.0,3850
5.0,3,1,22,1,9,1,0,0,6,1,4,1,0,0,5,1,0,0,1,1,2,1,1,1,3,1,0,0,0,0,56,140.0,3850
5.0,4,1,35,1,4,1,1,1,7,1,0,0,4,1,1,1,0,0,1,1,4,1,3,1,0,0,0,0,6,1,70,140.0,3850
4.5,0,0,4,1,0,0,0,0,0,0,1,1,0,0,0,0,0,0,0,0,1,1,0,0,0,0,0,0,1,1,7,121.0,5810
4.5,0,0,7,1,0,0,1,1,0,0,0,0,0,0,0,0,0,0,0,0,1,1,3,1,1,1,0,0,2,1,15,121.0,5810
4.5,10,1,23,1,1,1,5,1,2,1,0,0,0,0,1,1,0,0,0,0,4,1,7,1,1,1,0,0,2,1,56,121.0,5810
4.5,1,1,16,1,1,1,5,1,2,1,2,1,0,0,2,1,0,0,0,0,0,0,0,0,1,1,0,0,15,1,45,121.0,5810
4.5,0,0,1,1,0,0,0,0,0,0,0,0,0,0,0,0,0,0,0,0,0,0,0,0,0,0,0,0,0,0,1,121.0,5810
4.5,0,0,11,1,2,1,1,1,2,1,0,0,0,0,1,1,0,0,0,0,0,0,4,1,1,1,0,0,3,1,25,121.0,5810
4.5,0,0,3,1,0,0,0,0,0,0,0,0,0,0,0,0,0,0,0,0,0,0,0,0,1,1,0,0,0,0,4,121.0,5810
4.5,1,1,5,1,0,0,0,0,0,0,0,0,0,0,1,1,0,0,0,0,1,1,0,0,3,1,0,0,0,0,11,121.0,5810
4.5,0,0,6,1,2,1,0,0,1,1,0,0,0,0,1,1,0,0,1,1,0,0,0,0,2,1,0,0,0,0,13,121.0,5810
4.5,1,1,4,1,0,0,0,0,1,1,1,1,0,0,0,0,0,0,0,0,2,1,0,0,0,0,0,0,0,0,9,121.0,5810
4.5,5,1,12,1,4,1,1,1,1,1,0,0,0,0,1,1,0,0,0,0,0,0,3,1,0,0,0,0,0,0,27,121.0,5810
4.5,3,1,10,1,8,1,1,1,6,1,3,1,0,0,1,1,0,0,1,1,0,0,0,0,1,1,0,0,1,1,35,121.0,5810
4.5,5,1,8,1,0,0,0,0,5,1,1,1,0,0,1,1,0,0,0,0,2,1,0,0,2,1,0,0,1,1,25,121.0,5810
5.5,5,1,8,1,0,0,0,0,5,1,1,1,0,0,1,1,0,0,0,0,2,1,0,0,2,1,0,0,1,1,25,150.0,6270
5.5,0,0,2,1,0,0,0,0,0,0,0,0,0,0,0,0,0,0,0,0,0,0,0,0,1,1,0,0,1,1,4,150.0,6270
5.5,0,0,1,1,0,0,0,0,0,0,2,1,0,0,0,0,0,0,0,0,0,0,0,0,0,0,0,0,0,0,3,150.0,6270
5.5,10,1,14,1,15,1,0,0,9,1,2,1,0,0,2,1,0,0,0,0,3,1,0,0,1,1,0,0,6,1,62,150.0,6270
5.5,0,0,1,1,0,0,0,0,2,1,0,0,0,0,0,0,0,0,0,0,1,1,1,1,1,1,0,0,1,1,7,150.0,6270
5.5,10,1,35,1,11,1,2,1,20,1,0,0,0,0,0,0,0,0,0,0,5,1,1,1,6,1,0,0,6,1,96,150.0,6270
5.5,1,1,5,1,1,1,0,0,1,1,0,0,0,0,0,0,0,0,0,0,0,0,0,0,0,0,0,0,1,1,9,150.0,6270
5.5,1,1,2,1,1,1,0,0,0,0,1,1,0,0,1,1,0,0,0,0,1,1,1,1,1,1,0,0,0,0,9,150.0,6270
5.5,3,1,8,1,1,1,0,0,2,1,0,0,0,0,0,0,0,0,0,0,1,1,0,0,5,1,0,0,3,1,23,150.0,6270
5.5,0,0,4,1,1,1,0,0,1,1,1,1,0,0,1,1,0,0,1,1,2,1,2,1,0,0,0,0,3,1,16,150.0,6270
5.5,1,1,4,1,0,0,0,0,1,1,2,1,0,0,1,1,0,0,0,0,1,1,1,1,3,1,0,0,4,1,18,150.0,6270
5.5,1,1,7,1,1,1,1,1,0,0,0,0,0,0,0,0,0,0,0,0,1,1,2,1,3,1,0,0,1,1,17,150.0,6270
5.5,0,0,1,1,0,0,0,0,0,0,0,0,0,0,1,1,0,0,0,0,0,0,1,1,0,0,0,0,0,0,3,150.0,6270
5.5,0,0,0,0,0,0,0,0,0,0,1,1,0,0,0,0,0,0,0,0,0,0,0,0,0,0,0,0,0,0,1,150.0,6270
5.5,1,1,6,1,0,0,0,0,1,1,0,0,0,0,1,1,0,0,0,0,0,0,1,1,1,1,0,0,1,1,12,150.0,6270
5.5,0,0,1,1,0,0,0,0,0,0,1,1,0,0,0,0,0,0,0,0,0,0,0,0,0,0,0,0,0,0,2,150.0,6270
5.5,3,1,15,1,0,0,0,0,5,1,1,1,0,0,1,1,0,0,0,0,0,0,0,0,0,0,0,0,2,1,27,150.0,6270
5.5,0,0,4,1,1,1,0,0,1,1,1,1,0,0,1,1,0,0,1,1,2,1,2,1,0,0,0,0,3,1,16,150.0,6270
5.5,1,1,5,1,0,0,0,0,1,1,0,0,0,0,0,0,0,0,0,0,0,0,0,0,1,1,0,0,0,0,8,150.0,6270
5.5,0,0,0,0,0,0,0,0,1,1,0,0,0,0,0,0,0,0,1,1,0,0,0,0,2,1,0,0,0,0,4,150.0,6270
4.5,3,1,16,1,4,1,2,1,5,1,1,1,0,0,2,1,0,0,0,0,3,1,1,1,1,1,0,0,0,0,38,150.0,3770
4.5,0,0,5,1,0,0,1,1,5,1,0,0,0,0,1,1,0,0,0,0,1,1,0,0,2,1,0,0,7,1,22,150.0,3770
4.5,7,1,21,1,1,1,1,1,2,1,1,1,0,0,1,1,0,0,2,1,4,1,0,0,2,1,0,0,3,1,45,150.0,3770
4.5,0,0,6,1,5,1,1,1,3,1,0,0,0,0,1,1,0,0,0,0,0,0,0,0,1,1,0,0,4,1,21,150.0,3770
4.5,2,1,7,1,1,1,2,1,3,1,1,1,0,0,0,0,0,0,1,1,3,1,5,1,3,1,0,0,4,1,32,150.0,3770
4.5,0,0,4,1,0,0,0,0,1,1,0,0,0,0,1,1,0,0,0,0,0,0,0,0,1,1,0,0,7,1,14,150.0,3770
4.5,0,0,3,1,0,0,0,0,1,1,0,0,0,0,0,0,0,0,0,0,0,0,0,0,0,0,0,0,0,0,4,150.0,3770
4.5,0,0,4,1,0,0,0,0,0,0,0,0,0,0,1,1,0,0,0,0,0,0,2,1,0,0,0,0,5,1,12,150.0,3770
4.5,1,1,6,1,0,0,1,1,0,0,1,1,0,0,0,0,0,0,0,0,0,0,0,0,0,0,0,0,7,1,16,150.0,3770
4.5,0,0,1,1,0,0,0,0,0,0,0,0,0,0,0,0,0,0,0,0,0,0,0,0,0,0,0,0,0,0,1,150.0,3770
4.5,0,0,0,0,0,0,0,0,0,0,0,0,0,0,0,0,0,0,0,0,0,0,0,0,0,0,0,0,3,1,3,150.0,3770
4.5,0,0,4,1,0,0,0,0,0,0,1,1,0,0,0,0,0,0,0,0,0,0,1,1,0,0,1,1,2,1,9,150.0,3770
4.5,0,0,6,1,0,0,0,0,2,1,0,0,0,0,0,0,0,0,0,0,2,1,1,1,2,1,0,0,0,0,13,150.0,3770
4.5,1,1,12,1,3,1,0,0,3,1,1,1,0,0,1,1,0,0,1,1,3,1,2,1,4,1,0,0,1,1,32,150.0,3770
4.5,0,0,0,0,0,0,0,0,0,0,0,0,0,0,1,1,0,0,0,0,0,0,0,0,0,0,0,0,0,0,1,150.0,3770
4.5,2,1,2,1,0,0,0,0,0,0,0,0,0,0,0,0,0,0,0,0,1,1,1,1,2,1,0,0,1,1,9,150.0,3770
4.5,0,0,2,1,0,0,0,0,0,0,0,0,0,0,0,0,0,0,0,0,0,0,1,1,0,0,0,0,0,0,3,150.0,3770
3.0,0,0,4,1,0,0,0,0,0,0,0,0,0,0,0,0,0,0,0,0,0,0,0,0,0,0,0,0,0,0,4,51.0,1440
3.0,2,1,11,1,0,0,0,0,4,1,0,0,0,0,0,0,0,0,0,0,1,1,0,0,0,0,0,0,52,1,70,51.0,1440
3.0,0,0,18,1,0,0,0,0,2,1,3,1,0,0,0,0,0,0,1,1,0,0,2,1,3,1,0,0,7,1,36,51.0,1440
3.0,3,1,10,1,0,0,1,1,2,1,8,1,0,0,1,1,0,0,1,1,2,1,3,1,2,1,0,0,4,1,37,51.0,1440
3.0,5,1,21,1,1,1,0,0,3,1,0,0,1,1,3,1,0,0,1,1,3,1,0,0,2,1,0,0,1,1,41,51.0,1440
3.0,5,1,19,1,5,1,0,0,5,1,2,1,0,0,2,1,0,0,0,0,1,1,6,1,1,1,0,0,5,1,51,51.0,1440
3.0,5,1,16,1,1,1,5,1,4,1,0,0,0,0,2,1,0,0,0,0,2,1,3,1,1,1,0,0,1,1,40,51.0,1440
3.0,0,0,0,0,0,0,0,0,0,0,0,0,0,0,0,0,0,0,0,0,0,0,0,0,0,0,0,0,9,1,9,51.0,1440
3.0,1,1,1,1,0,0,0,0,0,0,0,0,0,0,1,1,0,0,1,1,0,0,0,0,0,0,0,0,1,1,5,51.0,1440
3.0,3,1,6,1,0,0,0,0,1,1,0,0,0,0,1,1,0,0,0,0,1,1,3,1,0,0,0,0,3,1,18,51.0,1440
3.0,13,1,27,1,18,1,2,1,3,1,1,1,0,0,0,0,0,0,0,0,3,1,4,1,4,1,0,0,27,1,102,51.0,1440
3.0,2,1,27,1,0,0,1,1,7,1,6,1,0,0,2,1,0,0,0,0,2,1,0,0,3,1,0,0,1,1,51,51.0,1440
3.0,0,0,6,1,0,0,1,1,3,1,0,0,0,0,0,0,0,0,1,1,0,0,5,1,1,1,0,0,1,1,18,51.0,1440
3.0,10,1,35,1,6,1,0,0,7,1,0,0,0,0,1,1,0,0,0,0,6,1,3,1,7,1,1,1,4,1,80,51.0,1440
3.0,2,1,7,1,1,1,2,1,0,0,0,0,0,0,1,1,0,0,0,0,2,1,0,0,0,0,0,0,0,0,15,51.0,1440
3.0,6,1,21,1,3,1,1,1,8,1,1,1,0,0,0,0,0,0,1,1,2,1,4,1,0,0,0,0,3,1,50,51.0,1440
3.0,4,1,6,1,0,0,0,0,1,1,0,0,0,0,1,1,0,0,0,0,1,1,2,1,0,0,0,0,2,1,17,51.0,1440
3.5,6,1,33,1,3,1,2,1,12,1,3,1,1,1,3,1,0,0,2,1,2,1,1,1,4,1,0,0,2,1,74,69.0,2550
3.5,2,1,9,1,0,0,0,0,6,1,6,1,0,0,0,0,0,0,0,0,2,1,1,1,3,1,0,0,0,0,29,69.0,2550
3.5,3,1,8,1,0,0,0,0,1,1,0,0,0,0,0,0,0,0,0,0,3,1,3,1,2,1,0,0,0,0,20,69.0,2550
3.5,5,1,20,1,0,0,0,0,5,1,3,1,0,0,1,1,0,0,0,0,2,1,3,1,2,1,0,0,5,1,46,69.0,2550
3.5,0,0,6,1,0,0,0,0,0,0,0,0,0,0,0,0,0,0,0,0,0,0,2,1,0,0,0,0,0,0,8,69.0,2550
3.5,6,1,5,1,0,0,0,0,2,1,1,1,0,0,0,0,0,0,0,0,1,1,0,0,2,1,0,0,6,1,23,69.0,2550
3.5,0,0,1,1,0,0,0,0,0,0,1,1,0,0,0,0,0,0,0,0,0,0,0,0,0,0,0,0,1,1,3,69.0,2550
3.5,1,1,3,1,0,0,0,0,1,1,1,1,0,0,0,0,0,0,0,0,0,0,0,0,0,0,0,0,1,1,7,69.0,2550
3.5,1,1,2,1,0,0,0,0,0,0,0,0,0,0,1,1,0,0,0,0,2,1,1,1,0,0,0,0,6,1,13,69.0,2550
3.5,1,1,5,1,0,0,0,0,4,1,0,0,0,0,0,0,0,0,0,0,1,1,0,0,0,0,0,0,0,0,11,69.0,2550
3.5,0,0,4,1,1,1,0,0,3,1,0,0,0,0,2,1,0,0,0,0,1,1,0,0,0,0,0,0,1,1,12,69.0,2550
3.5,2,1,3,1,0,0,3,1,5,1,0,0,0,0,0,0,0,0,0,0,1,1,0,0,2,1,0,0,2,1,18,69.0,2550
3.5,0,0,0,0,0,0,0,0,0,0,0,0,0,0,0,0,0,0,0,0,0,0,0,0,0,0,0,0,1,1,1,69.0,2550
3.5,9,1,16,1,2,1,0,0,2,1,1,1,1,1,2,1,1,1,0,0,4,1,1,1,2,1,0,0,1,1,42,69.0,2550
3.5,1,1,3,1,0,0,1,1,0,0,0,0,0,0,0,0,0,0,0,0,1,1,0,0,0,0,0,0,5,1,11,69.0,2550
3.5,0,0,4,1,0,0,0,0,2,1,0,0,0,0,1,1,0,0,0,0,0,0,0,0,1,1,0,0,2,1,10,69.0,2550
3.5,0,0,5,1,1,1,0,0,0,0,0,0,0,0,0,0,0,0,0,0,0,0,1,1,3,1,0,0,3,1,13,69.0,2550
6.5,0,0,1,1,0,0,0,0,0,0,0,0,0,0,0,0,0,0,0,0,0,0,0,0,0,0,0,0,0,0,1,220.0,4550
6.5,1,1,3,1,0,0,0,0,0,0,0,0,0,0,0,0,0,0,0,0,0,0,0,0,0,0,0,0,0,0,4,220.0,4550
6.5,0,0,1,1,0,0,0,0,0,0,1,1,0,0,1,1,0,0,0,0,0,0,0,0,1,1,0,0,0,0,4,220.0,4550
6.5,2,1,15,1,5,1,0,0,2,1,2,1,0,0,1,1,0,0,0,0,2,1,4,1,4,1,0,0,16,1,53,220.0,4550
6.5,0,0,3,1,0,0,0,0,0,0,0,0,0,0,0,0,0,0,0,0,0,0,0,0,0,0,0,0,0,0,3,220.0,4550
6.5,0,0,6,1,0,0,0,0,0,0,0,0,0,0,0,0,0,0,0,0,2,1,2,1,1,1,0,0,0,0,11,220.0,4550
6.5,0,0,9,1,0,0,0,0,1,1,1,1,0,0,0,0,0,0,0,0,1,1,0,0,1,1,0,0,1,1,14,220.0,4550
6.5,0,0,4,1,0,0,0,0,0,0,0,0,0,0,0,0,0,0,0,0,0,0,0,0,0,0,0,0,1,1,5,220.0,4550
6.5,8,1,22,1,12,1,6,1,6,1,1,1,0,0,0,0,0,0,0,0,0,0,1,1,2,1,0,0,3,1,61,220.0,4550
6.5,5,1,9,1,0,0,0,0,3,1,1,1,0,0,0,0,0,0,1,1,3,1,2,1,3,1,0,0,1,1,28,220.0,4550
6.5,1,1,0,0,1,1,0,0,0,0,0,0,0,0,0,0,0,0,0,0,0,0,1,1,0,0,0,0,0,0,3,220.0,4550
6.5,1,1,5,1,0,0,1,1,0,0,0,0,0,0,0,0,0,0,0,0,2,1,1,1,2,1,0,0,5,1,17,220.0,4550
6.5,4,1,8,1,2,1,0,0,7,1,2,1,0,0,1,1,0,0,4,1,2,1,1,1,6,1,0,0,1,1,38,220.0,4550
6.5,0,0,3,1,2,1,0,0,0,0,0,0,0,0,0,0,0,0,0,0,0,0,0,0,0,0,0,0,2,1,7,220.0,4550
6.5,0,0,5,1,0,0,0,0,1,1,0,0,0,0,0,0,0,0,0,0,1,1,2,1,3,1,0,0,0,0,12,220.0,4550
6.5,1,1,0,0,0,0,0,0,0,0,0,0,0,0,0,0,1,1,0,0,1,1,0,0,0,0,0,0,0,0,3,220.0,4550
6.5,1,1,3,1,0,0,0,0,0,0,0,0,0,0,1,1,0,0,0,0,0,0,0,0,0,0,0,0,3,1,8,220.0,4550
6.5,0,0,1,1,1,1,0,0,0,0,0,0,0,0,0,0,0,0,0,0,1,1,1,1,2,1,0,0,6,1,12,220.0,4550
