price,area,cafe_count,restaurant_count,bar_count,pub_count,fast_food_count,school_count,university_count,library_count,hospital_count,clinic_count,pharmacy_count,bank_count,atm_count,bus_station_count,parking_count
2880,115.0,64,208,57,15,56,3,2,13,1,1,28,13,26,0,11
2880,115.0,38,123,39,12,37,3,1,4,0,0,16,5,18,0,14
2880,115.0,24,86,11,1,35,7,1,6,0,3,13,8,16,0,27
2880,115.0,1,0,0,0,0,0,0,0,0,0,0,1,0,0,3
2880,115.0,0,0,0,0,0,0,0,0,0,0,0,0,1,0,0
2880,115.0,10,14,6,1,9,5,0,2,0,2,3,5,2,1,18
2880,115.0,6,20,2,0,4,3,0,1,0,4,6,2,2,0,28
2880,115.0,117,301,87,30,125,22,2,22,0,9,22,19,44,0,23
2880,115.0,20,72,17,8,24,2,0,4,0,0,3,10,11,0,4
2880,115.0,3,10,2,1,5,6,0,0,0,0,3,1,2,0,24
2880,115.0,3,13,1,0,5,1,0,1,0,0,2,0,3,0,3
2880,115.0,0,3,0,1,0,0,0,0,0,0,0,0,1,0,1
2880,115.0,3,4,2,1,1,0,0,2,0,0,3,1,0,0,0
2880,115.0,20,72,17,8,24,2,0,4,0,0,3,10,11,0,4
2880,115.0,4,20,10,1,4,4,0,4,0,3,0,0,2,0,26
2880,115.0,45,114,12,4,30,10,0,4,0,3,16,11,12,0,11
2880,115.0,7,38,22,4,7,4,0,5,0,3,0,1,3,0,26
7980,260.0,47,161,48,15,35,7,3,1,0,1,6,14,17,1,90
7980,260.0,15,40,5,1,17,4,0,2,0,1,5,5,7,0,62
7980,260.0,3,4,2,1,1,0,0,2,0,0,3,1,0,0,0
7980,260.0,4,11,0,1,0,0,2,1,0,0,5,3,1,0,7
7980,260.0,38,125,40,12,37,3,1,4,0,0,16,5,18,0,14
7980,260.0,2,11,1,1,0,0,0,0,0,0,1,1,1,0,23
7980,260.0,0,1,0,0,0,1,0,0,0,0,0,0,0,0,1
7980,260.0,0,1,0,0,0,1,0,0,0,0,0,0,0,0,1
7980,260.0,0,1,0,0,0,1,0,0,0,0,0,0,0,0,1
7980,260.0,25,83,11,2,35,7,1,6,0,3,11,8,13,0,22
7980,260.0,25,83,11,2,35,7,1,6,0,3,11,8,13,0,22
7980,260.0,20,72,17,8,24,2,0,4,0,0,3,10,11,0,4
7980,260.0,7,28,2,1,5,1,0,3,0,0,2,4,7,0,4
7980,260.0,3,17,1,0,8,0,0,1,0,1,3,0,6,0,11
7980,260.0,4,18,1,0,18,2,0,5,0,0,3,2,4,0,9
7980,260.0,25,83,11,2,35,7,1,6,0,3,11,8,13,0,22
7980,260.0,25,83,11,2,35,7,1,6,0,3,11,8,13,0,22
7980,260.0,24,82,14,1,38,6,1,6,0,2,13,8,17,0,26
7980,260.0,25,83,11,2,35,7,1,6,0,3,11,8,13,0,22
7980,260.0,0,1,0,0,0,0,0,0,0,1,0,1,1,0,2
6700,170.0,14,72,6,3,25,10,2,7,0,1,9,9,14,0,26
6700,170.0,140,513,83,27,93,8,12,22,0,5,55,39,27,0,37
6700,170.0,0,2,0,0,0,0,0,0,0,0,0,0,1,0,1
6700,170.0,148,399,124,39,152,24,2,24,0,7,33,35,52,0,34
6700,170.0,2,2,0,0,0,0,0,1,0,0,0,1,2,0,1
6700,170.0,2,6,0,0,0,1,0,0,0,0,0,0,0,0,3
6700,170.0,0,4,0,0,0,0,0,1,0,0,1,1,0,0,0
6700,170.0,4,27,4,1,1,3,0,3,0,0,3,7,4,0,2
6700,170.0,3,17,0,2,2,1,0,1,0,1,1,1,2,0,2
6700,170.0,1,5,0,0,0,0,0,0,0,0,0,1,1,0,1
6700,170.0,24,79,2,2,32,15,0,1,0,1,7,6,13,0,20
6700,170.0,2,13,1,0,2,0,0,1,0,0,1,0,2,0,3
6700,170.0,0,4,0,0,2,1,0,0,0,0,2,4,1,0,2
6700,170.0,14,43,4,1,16,3,0,3,0,1,6,6,17,0,57
6700,170.0,34,87,7,4,36,14,1,17,0,3,7,3,15,0,12
6700,170.0,0,4,3,0,1,0,0,2,0,2,3,1,1,0,0
6700,170.0,148,399,124,39,152,24,2,24,0,7,33,35,52,0,34
6700,170.0,1,1,0,0,0,2,0,0,0,0,0,0,1,0,1
6700,170.0,8,46,5,2,16,2,3,5,0,2,12,5,4,0,24
6700,170.0,0,3,0,2,0,0,0,0,0,0,0,0,2,0,0
2750,33.0,23,112,18,4,36,19,3,4,0,3,13,8,19,0,47
2750,33.0,56,227,42,30,83,9,2,15,0,3,28,17,30,1,30
2750,33.0,184,570,169,54,209,24,2,21,0,11,38,48,61,0,37
2750,33.0,26,58,5,2,6,7,0,2,0,4,12,5,10,0,14
2750,33.0,0,3,0,0,0,0,0,0,0,0,0,0,0,0,3
2750,33.0,22,57,1,1,15,14,1,11,0,1,6,2,8,0,8
2750,33.0,5,17,2,2,4,1,0,1,0,0,3,2,2,0,3
2750,33.0,1,11,1,0,5,0,0,2,0,0,2,3,6,0,13
2750,33.0,1,11,1,0,5,0,0,2,0,0,2,3,6,0,13
2750,33.0,0,3,0,0,1,0,0,0,0,0,0,0,1,0,24
2750,33.0,8,28,7,2,21,0,0,0,0,0,3,5,6,0,19
2750,33.0,1,6,0,0,1,2,0,0,0,0,0,0,1,0,10
2750,33.0,2,4,1,0,1,1,0,1,0,0,1,0,1,0,11
2750,33.0,2,4,0,0,1,0,0,0,0,0,0,0,0,0,0
2750,33.0,0,1,0,0,0,1,0,0,0,0,0,0,0,0,1
2750,33.0,0,1,0,0,0,0,0,0,0,0,0,0,0,0,1
2750,33.0,6,13,2,1,1,3,0,1,0,4,1,1,4,0,8
2750,33.0,55,261,34,7,37,5,13,19,0,5,32,20,6,0,50
2750,33.0,35,109,17,7,21,6,3,8,0,6,21,21,17,0,15
2750,33.0,4,27,4,1,1,3,0,3,0,0,3,7,4,0,2
3300,170.0,4,27,4,1,1,3,0,3,0,0,3,7,4,0,2
3300,170.0,3,12,0,0,1,3,0,1,0,3,2,2,2,0,8
3300,170.0,7,20,2,0,6,0,1,1,0,0,4,3,3,0,55
3300,170.0,4,21,2,0,7,1,0,0,0,1,1,3,5,1,27
3300,170.0,14,92,14,5,24,6,0,1,0,1,11,8,11,0,11
3300,170.0,148,399,124,39,152,24,2,24,0,7,33,35,52,0,34
3300,170.0,67,188,42,7,41,10,1,19,1,7,36,23,25,0,14
3300,170.0,184,570,169,54,209,24,2,21,0,11,38,48,61,0,37
3300,170.0,0,3,0,0,1,0,0,0,0,0,0,0,1,0,25
3300,170.0,10,68,10,7,12,5,1,8,0,0,8,3,3,0,21
3300,170.0,132,413,129,34,167,24,1,8,0,12,30,18,52,0,39
3300,170.0,64,209,50,7,52,11,4,18,0,9,28,30,30,0,26
3300,170.0,4,14,0,0,5,0,0,2,0,0,4,4,4,0,9
3300,170.0,53,226,40,30,75,13,2,13,0,3,22,16,30,1,19
3300,170.0,53,146,18,6,31,8,0,7,0,3,18,19,16,0,15
3300,170.0,18,36,4,2,4,4,0,2,0,6,8,2,6,0,10
3300,170.0,1,2,2,0,0,0,0,0,0,0,0,0,0,0,1
3300,170.0,0,1,0,0,0,0,0,0,0,0,0,0,0,0,1
3710,300.0,1,3,1,0,1,1,0,1,0,0,1,0,2,0,3
3710,300.0,6,28,3,0,8,3,0,0,0,1,3,0,6,0,24
3710,300.0,0,11,0,0,0,0,0,0,0,0,1,1,2,0,5
3710,300.0,0,2,0,0,0,1,0,0,0,0,0,0,1,0,0
3710,300.0,0,0,0,0,0,0,0,0,0,0,0,1,2,0,0
3710,300.0,2,6,0,0,0,1,0,0,0,0,0,0,0,0,3
3710,300.0,1,0,0,0,0,0,0,0,0,0,0,0,0,0,7
3710,300.0,184,570,169,54,209,24,2,21,0,11,38,48,61,0,37
3710,300.0,2,3,0,1,0,2,0,2,0,0,1,1,0,0,3
3710,300.0,62,184,41,11,89,16,1,11,0,2,16,4,28,0,18
3710,300.0,7,10,2,0,2,2,0,2,1,0,3,3,4,0,9
3710,300.0,136,314,59,27,107,16,1,24,0,7,33,47,44,0,29
3710,300.0,1,7,1,0,1,0,0,2,0,0,0,0,0,0,5
3710,300.0,0,4,0,0,0,0,0,1,0,0,1,1,0,0,3
3710,300.0,0,2,0,0,0,0,0,0,0,0,0,2,0,0,2
3710,300.0,9,43,4,2,8,3,1,8,0,2,9,4,3,0,26
3710,300.0,78,192,38,19,44,14,1,20,0,4,20,15,24,0,19
3710,300.0,27,108,18,3,34,19,3,2,0,3,12,8,18,0,55
4340,121.0,27,108,18,3,34,19,3,2,0,3,12,8,18,0,55
4340,121.0,0,2,0,0,0,2,0,0,0,0,0,0,0,0,7
4340,121.0,6,9,4,1,5,4,0,1,0,2,2,4,2,0,21
4340,121.0,0,2,0,0,2,0,0,1,0,0,0,1,1,0,0
4340,121.0,34,92,32,1,41,14,3,4,0,4,12,10,21,0,46
4340,121.0,0,2,0,0,0,0,0,0,0,0,0,0,0,0,0
4340,121.0,20,52,4,2,5,4,0,2,0,5,6,1,7,0,8
4340,121.0,56,170,46,8,47,3,1,12,1,1,30,10,21,0,14
4340,121.0,1,21,2,1,5,0,0,1,0,0,2,7,2,0,8
4340,121.0,0,2,0,0,0,1,0,0,0,0,0,0,1,0,0
4340,121.0,44,188,19,6,27,5,1,12,1,1,33,15,3,0,15
4340,121.0,4,20,0,0,8,1,0,2,0,0,3,1,6,0,106
4340,121.0,184,570,169,54,209,24,2,21,0,11,38,48,61,0,37
4340,121.0,184,570,169,54,209,24,2,21,0,11,38,48,61,0,37
4340,121.0,2,8,0,1,3,2,0,1,0,0,1,3,1,0,35
4340,121.0,3,18,1,0,8,1,0,2,0,1,3,0,6,0,16
4340,121.0,1,6,0,1,0,0,0,0,0,0,2,1,2,0,10
4340,121.0,1,9,2,0,1,3,0,1,0,0,1,3,4,0,46
4340,121.0,4,29,2,0,2,1,0,1,0,0,4,5,3,0,2
3250,150.0,0,1,0,0,0,0,0,1,0,0,0,0,0,0,4
3250,150.0,34,92,32,1,41,14,3,4,0,4,12,10,21,0,46
3250,150.0,1,16,0,0,1,1,0,0,0,0,4,6,3,0,2
3250,150.0,10,14,2,0,2,3,0,4,0,0,4,3,2,0,23
3250,150.0,1,9,0,1,4,0,0,2,0,0,5,1,1,0,12
3250,150.0,20,77,17,8,24,2,0,4,0,0,4,11,13,0,6
3250,150.0,0,3,0,1,0,0,0,1,0,0,1,1,2,0,2
3250,150.0,7,29,14,2,3,4,0,5,0,1,8,13,13,1,10
3250,150.0,175,558,169,53,200,24,1,21,0,11,37,42,61,0,38
3250,150.0,3,17,1,0,7,1,0,2,0,1,3,0,6,0,15
3250,150.0,0,1,0,0,0,0,0,0,0,0,0,0,0,0,2
3250,150.0,137,510,82,26,92,8,13,22,0,6,57,39,25,0,36
3250,150.0,34,132,21,16,34,9,1,6,0,1,16,13,20,1,11
3250,150.0,24,92,14,6,37,3,6,10,1,0,12,13,14,0,45
3250,150.0,2,16,0,2,2,1,0,1,0,1,1,2,2,0,3
3250,150.0,34,92,32,1,41,14,3,4,0,4,12,10,21,0,46
3250,150.0,13,73,4,2,17,8,0,5,0,0,5,1,10,0,21
3250,150.0,5,7,2,0,1,1,0,1,0,0,2,1,2,0,4
3250,150.0,101,324,62,19,56,12,11,12,1,5,35,27,26,0,34
5950,150.0,1,22,2,1,6,0,0,1,0,0,3,7,2,0,8
5950,150.0,1,22,2,1,6,0,0,1,0,0,3,7,2,0,8
5950,150.0,1,22,2,1,6,0,0,1,0,0,3,7,2,0,8
5950,150.0,1,22,2,1,6,0,0,1,0,0,3,7,2,0,8
5950,150.0,1,22,2,1,6,0,0,1,0,0,3,7,2,0,8
5950,150.0,1,22,2,1,6,0,0,1,0,0,3,7,2,0,8
5950,150.0,146,524,86,28,86,11,12,20,0,6,53,39,30,0,39
5950,150.0,0,1,0,0,0,1,0,1,0,0,1,1,1,0,4
5950,150.0,0,14,1,0,3,4,0,2,0,1,2,2,1,0,9
5950,150.0,39,84,7,3,15,10,0,7,0,3,17,7,15,0,16
5950,150.0,5,11,2,0,11,0,0,1,0,0,2,2,4,0,4
5950,150.0,2,11,1,0,1,0,0,1,1,0,2,2,1,1,4
5950,150.0,2,11,1,0,1,0,0,1,1,0,2,2,1,1,4
5950,150.0,2,11,1,0,1,0,0,1,1,0,2,2,1,1,4
5950,150.0,5,11,2,0,11,0,0,1,0,0,2,2,4,0,4
5950,150.0,1,7,1,0,3,0,0,0,0,0,1,1,5,0,3
5950,150.0,0,4,0,0,0,1,0,1,0,0,1,2,0,0,4
5950,150.0,1,2,0,0,1,0,0,0,0,0,2,1,0,0,1
5950,150.0,1,2,0,0,1,0,0,0,0,0,2,1,0,0,1
2280,81.0,9,22,1,0,3,2,0,3,0,0,6,4,6,0,5
2280,81.0,1,7,0,1,0,1,0,0,0,0,3,1,2,0,12
2280,81.0,2,11,2,0,3,0,0,1,0,0,2,1,1,0,2
2280,81.0,2,9,3,1,2,0,0,1,0,0,2,2,2,0,5
2280,81.0,1,3,0,0,0,0,0,0,0,0,0,0,1,0,7
2280,81.0,0,5,0,0,1,0,0,1,0,0,0,0,1,0,5
2280,81.0,13,37,5,3,18,8,0,3,0,6,6,8,14,0,10
2280,81.0,48,162,54,13,48,4,1,5,0,0,21,8,21,0,18
2280,81.0,9,28,3,1,2,3,0,2,0,5,2,1,4,0,8
2280,81.0,2,21,3,1,2,2,0,1,0,2,3,5,4,0,14
2280,81.0,5,14,0,0,4,4,0,3,0,0,2,7,6,0,24
2280,81.0,1,14,0,0,1,1,0,0,0,0,4,5,3,0,2
2280,81.0,0,8,1,0,5,0,0,1,0,0,1,2,4,0,4
2280,81.0,2,5,0,0,2,1,0,0,0,0,2,4,3,0,8
2280,81.0,5,7,2,0,1,1,0,1,0,0,2,1,2,0,4
2280,81.0,5,16,1,0,2,1,0,4,0,2,11,4,3,0,22
2280,81.0,18,76,21,8,13,1,0,3,0,0,8,3,10,0,8
2280,81.0,5,9,1,1,3,1,0,0,0,0,1,2,1,0,4
2280,81.0,2,21,3,1,2,2,0,1,0,2,3,5,4,0,14
3480,117.0,1,3,0,0,0,0,0,0,0,0,0,0,1,0,7
3480,117.0,32,109,18,27,42,9,0,1,0,6,11,9,21,0,46
3480,117.0,32,109,18,27,42,9,0,1,0,6,11,9,21,0,46
3480,117.0,32,109,18,27,41,10,0,1,0,6,12,9,21,0,47
3480,117.0,0,1,1,0,0,0,0,0,0,0,1,1,1,0,2
3480,117.0,0,1,1,0,0,0,0,0,0,0,1,1,1,0,2
3480,117.0,0,1,1,0,0,0,0,0,0,0,1,1,1,0,2
3480,117.0,18,64,12,2,19,13,2,1,0,1,7,0,10,0,39
3480,117.0,11,29,2,0,2,1,0,4,0,2,6,5,7,0,6
3480,117.0,8,18,1,1,3,1,0,2,0,0,4,6,7,0,11
3480,117.0,14,41,9,2,18,5,0,3,0,5,6,8,15,0,8
3480,117.0,3,12,1,2,3,1,0,0,0,1,3,5,3,0,8
3480,117.0,1,0,0,0,0,2,0,1,0,0,0,0,0,0,3
3480,117.0,0,2,0,0,0,0,0,0,0,0,0,0,0,0,0
3480,117.0,1,2,0,0,1,0,0,0,0,0,2,1,0,0,1
3480,117.0,14,41,9,2,18,5,0,3,0,5,6,8,15,0,8
3480,117.0,1,0,0,0,0,2,0,1,0,0,0,0,0,0,3
3480,117.0,1,6,2,0,0,0,0,0,0,0,0,0,1,0,1
3480,117.0,0,2,0,1,0,0,0,0,0,0,0,1,0,0,0
2490,108.0,0,5,0,0,1,0,0,1,0,0,0,1,1,0,0
2490,108.0,0,1,1,0,0,0,0,0,0,0,1,1,1,0,2
2490,108.0,0,3,0,1,0,0,0,0,0,0,0,0,1,0,1
2490,108.0,1,7,0,0,0,0,0,0,0,0,0,1,1,0,4
2490,108.0,7,33,6,4,4,3,0,1,0,1,3,3,6,1,6
2490,108.0,1,4,2,0,1,0,0,1,0,0,1,0,0,0,1
2490,108.0,1,0,0,0,0,2,0,1,0,0,0,0,0,0,3
2490,108.0,0,6,0,0,1,0,0,2,0,0,1,1,1,0,5
2490,108.0,1,4,2,0,1,0,0,1,0,0,1,0,0,0,1
2490,108.0,3,17,4,2,9,0,0,4,0,1,6,1,3,0,5
2490,108.0,2,40,12,0,1,0,0,2,0,0,4,5,3,0,4
2490,108.0,4,14,2,0,2,3,0,4,0,0,2,1,3,0,6
2490,108.0,0,5,0,0,1,0,0,1,0,0,1,1,1,0,4
2490,108.0,5,16,1,0,2,1,0,4,0,2,11,4,3,0,22
2490,108.0,7,36,18,4,6,4,0,7,0,0,9,5,7,0,4
2490,108.0,2,2,1,0,2,0,0,0,0,0,0,2,0,0,3
2490,108.0,9,21,1,0,3,2,0,3,0,0,6,4,7,0,5
2490,108.0,7,19,1,2,3,2,0,1,0,0,1,2,4,0,14
3590,170.0,9,26,2,0,2,1,0,4,0,1,4,4,6,0,5
3590,170.0,81,262,63,9,69,9,4,19,1,6,35,27,35,0,24
3590,170.0,1,3,0,0,0,1,0,0,0,0,0,0,0,0,3
3590,170.0,26,85,12,0,35,10,1,5,0,4,10,8,16,0,20
3590,170.0,0,5,0,0,1,0,0,0,0,0,0,0,1,0,0
3590,170.0,2,17,5,0,1,2,0,1,0,0,2,4,4,0,13
3590,170.0,7,5,0,0,1,0,0,2,0,0,2,5,5,0,4
3590,170.0,2,15,0,0,2,2,0,0,0,2,0,1,0,0,16
3590,170.0,12,35,6,2,15,9,5,9,0,2,11,3,5,0,11
3590,170.0,0,5,0,0,1,0,0,0,0,0,0,0,1,0,0
3590,170.0,7,27,16,4,5,2,0,5,0,0,8,4,9,0,12
3590,170.0,0,11,0,0,1,0,0,1,0,0,0,0,0,0,7
3590,170.0,1,7,1,0,1,0,0,0,0,0,1,2,1,0,4
3590,170.0,29,103,18,3,35,18,3,2,0,4,12,8,18,0,55
3590,170.0,7,36,18,4,6,4,0,7,0,0,9,5,7,0,4
3590,170.0,5,6,1,0,1,0,0,0,0,0,0,0,2,0,4
3590,170.0,3,18,0,1,6,2,0,1,0,0,2,4,5,0,5
3590,170.0,3,4,2,1,1,0,0,2,0,0,3,1,0,0,0
3590,170.0,5,9,5,1,1,2,0,2,0,0,4,5,4,0,5
2030,140.0,5,9,5,1,1,2,0,2,0,0,4,5,4,0,5
2030,140.0,24,87,11,1,36,7,1,6,0,3,13,8,17,0,27
2030,140.0,0,4,0,0,0,0,0,1,0,0,0,2,0,0,5
2030,140.0,4,15,2,0,3,1,0,1,1,0,2,2,5,0,2
2030,140.0,3,11,1,0,1,2,0,2,0,1,0,1,1,0,8
2030,140.0,6,33,8,1,3,7,0,3,0,0,4,7,8,1,3
2030,140.0,45,108,35,13,39,9,6,20,0,2,33,26,18,2,23
2030,140.0,9,21,1,0,3,2,0,3,0,0,6,4,7,0,5
2030,140.0,9,21,1,0,3,2,0,3,0,0,6,4,7,0,5
2030,140.0,3,4,2,1,1,0,0,2,0,0,3,1,0,0,0
2030,140.0,45,108,35,13,39,9,6,20,0,2,33,26,18,2,23
2030,140.0,5,8,1,1,0,0,0,2,0,0,1,2,1,0,15
2030,140.0,0,2,0,0,0,0,0,0,0,0,0,0,1,0,0
2030,140.0,3,9,1,0,1,1,0,2,0,2,5,3,3,0,10
2030,140.0,10,31,4,0,3,3,0,2,0,1,10,8,4,0,4
2030,140.0,96,210,40,20,88,17,2,21,0,5,19,18,32,0,23
2030,140.0,24,93,14,6,36,3,6,10,1,0,13,13,14,0,45
2030,140.0,7,38,18,4,6,4,0,9,0,0,9,6,9,0,5
2030,140.0,7,35,19,4,5,4,0,9,0,0,8,5,7,0,4
2590,122.0,4,12,2,1,8,1,0,2,0,0,4,2,3,0,0
2590,122.0,0,7,1,1,4,3,0,0,0,0,0,2,1,0,6
2590,122.0,60,205,37,8,43,9,3,20,1,7,31,29,27,0,16
2590,122.0,1,17,1,0,4,2,0,1,0,0,3,2,6,0,6
2590,122.0,2,17,0,2,2,1,0,1,0,1,1,2,2,0,3
2590,122.0,0,3,0,0,0,2,0,0,0,0,0,0,0,0,2
2590,122.0,12,35,6,2,15,9,5,9,0,2,11,3,5,0,11
2590,122.0,5,9,5,1,1,2,0,2,0,0,4,5,4,0,5
2590,122.0,5,9,5,1,1,2,0,2,0,0,4,5,4,0,5
2590,122.0,5,9,5,1,1,2,0,2,0,0,4,5,4,0,5
2590,122.0,5,9,5,1,1,2,0,2,0,0,4,5,4,0,5
2590,122.0,0,7,0,0,3,2,0,1,0,0,4,3,2,0,4
2590,122.0,18,53,2,1,24,12,0,1,0,0,4,4,8,0,11
2590,122.0,31,80,18,6,24,5,1,4,0,0,9,4,10,0,19
2590,122.0,70,221,59,16,59,7,1,14,1,1,28,13,27,0,18
2590,122.0,9,26,2,0,2,1,0,4,0,1,4,4,6,0,5
2590,122.0,9,26,2,0,2,1,0,4,0,1,4,4,6,0,5
3270,128.0,1,9,0,0,6,0,0,0,1,0,3,1,2,1,4
3270,128.0,34,148,31,8,48,12,22,17,0,1,14,5,28,1,20
3270,128.0,1,8,0,0,2,0,0,0,0,0,1,2,2,0,15
3270,128.0,1,12,1,0,2,0,0,0,0,0,0,2,3,0,1
3270,128.0,0,2,1,0,0,0,0,0,0,0,0,1,1,0,2
3270,128.0,10,29,3,1,3,0,0,2,0,3,7,5,1,0,28
3270,128.0,1,8,0,2,3,1,0,1,0,0,1,4,3,0,7
3270,128.0,24,95,14,7,37,3,6,10,1,0,14,13,14,0,45
3270,128.0,23,90,12,2,38,9,1,6,0,3,13,8,16,0,30
3270,128.0,24,91,14,6,36,3,6,9,1,0,12,13,13,0,44
3270,128.0,14,45,4,1,17,4,0,6,0,0,10,5,9,0,15
3270,128.0,5,18,2,0,7,2,0,4,0,0,3,0,4,0,11
3270,128.0,7,35,19,4,5,4,0,9,0,0,8,5,7,0,4
3270,128.0,0,6,0,1,2,1,0,1,0,0,1,2,3,0,12
3270,128.0,7,35,19,4,5,4,0,9,0,0,8,5,7,0,4
3270,128.0,5,9,5,1,1,2,0,2,0,0,4,5,4,0,5
3270,128.0,5,9,5,1,1,2,0,2,0,0,4,5,4,0,5
3270,128.0,28,65,13,6,25,6,0,8,0,2,12,8,18,0,11
3270,128.0,12,37,10,2,13,5,2,11,0,2,10,4,6,0,21
3480,120.0,59,243,44,35,92,10,2,15,0,3,30,16,34,1,31
3480,120.0,2,4,1,0,3,0,0,1,0,0,1,2,1,0,10
3480,120.0,4,34,13,1,6,0,0,2,0,0,0,2,4,0,23
3480,120.0,1,1,0,0,0,2,0,0,0,0,0,0,1,0,1
3480,120.0,132,307,57,25,98,17,1,23,0,6,31,46,42,0,28
3480,120.0,0,0,0,0,0,0,0,0,0,0,0,0,1,0,0
3480,120.0,0,2,0,0,0,0,0,0,0,0,0,1,1,0,0
3480,120.0,0,4,0,0,1,0,0,1,0,0,0,1,0,0,0
3480,120.0,7,19,0,2,4,0,2,2,1,0,8,2,0,0,2
3480,120.0,34,148,31,8,48,12,22,17,0,1,14,5,28,1,20
3480,120.0,82,229,67,14,64,9,1,17,1,2,28,18,27,0,21
3480,120.0,6,32,6,2,23,0,0,0,0,0,4,5,6,0,22
3480,120.0,101,342,65,20,59,12,11,12,1,5,37,27,26,0,38
3480,120.0,3,5,0,0,0,1,0,1,0,0,1,1,0,0,0
3480,120.0,28,97,18,27,41,16,0,1,0,3,9,9,21,0,24
3480,120.0,4,25,8,4,4,5,0,1,0,0,4,4,7,0,3
3480,120.0,32,141,33,12,23,8,1,3,0,3,6,12,18,1,13
3480,120.0,0,8,3,0,0,1,0,0,0,1,1,1,2,0,9
2240,110.0,0,6,0,0,2,1,0,0,0,0,0,1,1,0,2
2240,110.0,6,15,2,0,2,2,0,3,0,2,4,2,1,0,25
2240,110.0,3,17,1,0,8,1,0,2,0,1,3,0,6,0,14
2240,110.0,5,10,1,0,1,1,0,1,0,0,3,4,2,0,2
2240,110.0,14,38,5,1,10,4,0,2,0,1,4,4,6,0,54
2240,110.0,5,15,1,2,1,2,0,1,0,0,3,6,2,0,15
2240,110.0,3,25,3,5,3,3,0,2,0,3,2,7,3,0,31
2240,110.0,3,13,1,0,2,2,0,1,0,0,3,2,1,0,5
2240,110.0,7,38,18,4,6,4,0,9,0,0,9,6,9,0,5
2240,110.0,45,108,35,13,39,9,6,20,0,2,33,26,18,2,23
2240,110.0,46,114,10,4,27,11,0,4,0,5,18,10,14,0,14
2240,110.0,10,63,30,2,11,3,0,8,0,0,13,15,2,0,13
2240,110.0,1,6,1,0,0,3,0,2,0,0,1,2,0,0,21
2240,110.0,1,9,0,0,0,0,0,0,0,0,0,0,0,0,7
2240,110.0,6,15,2,0,2,2,0,3,0,2,4,2,1,0,25
2240,110.0,68,314,43,8,36,4,13,19,0,5,38,36,6,0,36
2240,110.0,1,6,0,0,1,0,0,0,0,0,2,2,0,1,4
2240,110.0,159,502,158,49,192,25,1,17,0,11,33,26,56,0,37
2240,110.0,2,13,4,1,2,0,0,1,0,1,1,3,4,0,12
2140,81.0,5,12,0,0,2,0,0,1,0,0,3,2,4,0,3
2140,81.0,52,148,26,4,28,10,0,15,1,6,26,14,20,0,13
2140,81.0,4,15,2,0,2,4,0,1,0,0,2,5,8,0,3
2140,81.0,1,4,0,0,0,0,0,0,0,0,0,0,0,0,0
2140,81.0,1,10,0,0,0,0,0,0,0,0,1,0,2,0,1
2140,81.0,2,6,1,0,3,0,0,0,0,0,2,2,0,1,8
2140,81.0,1,9,0,0,0,1,0,0,0,0,1,0,0,0,3
2140,81.0,8,23,7,0,5,2,0,2,0,0,1,6,1,0,5
2140,81.0,5,17,1,0,3,3,0,2,0,3,3,0,2,0,15
2140,81.0,0,13,1,0,3,1,0,2,0,0,2,2,1,0,9
2140,81.0,3,14,1,0,5,1,0,1,0,0,2,0,3,0,3
2140,81.0,2,8,0,0,0,0,0,1,0,0,0,2,0,0,11
2140,81.0,29,110,18,3,37,17,3,2,0,4,12,8,19,0,53
2140,81.0,1,0,0,0,0,1,0,1,0,0,0,0,1,0,0
2140,81.0,0,0,0,0,0,0,0,0,0,0,0,0,0,0,3
2140,81.0,25,71,6,4,14,4,3,7,0,6,14,16,11,0,11
2140,81.0,0,1,0,0,0,3,0,1,0,0,0,1,1,0,18
2140,81.0,1,5,0,0,0,0,0,0,0,0,1,2,3,0,4
2490,120.0,8,23,5,1,6,0,0,1,0,0,7,2,6,0,5
2490,120.0,3,10,1,2,3,1,0,0,0,1,3,5,3,0,4
2490,120.0,81,337,112,29,108,18,0,8,0,4,20,9,28,0,26
2490,120.0,8,66,3,2,14,1,1,4,0,0,16,14,9,0,33
2490,120.0,1,10,0,1,2,0,0,1,0,0,0,3,3,0,3
2490,120.0,1,17,2,0,5,3,0,2,0,1,4,2,2,0,13
2490,120.0,3,14,0,1,3,2,0,1,0,0,2,4,5,0,7
2490,120.0,7,29,6,2,22,0,0,0,0,0,3,5,6,0,18
2490,120.0,2,7,1,0,0,0,0,1,0,0,0,0,2,0,1
2490,120.0,11,63,32,2,12,3,0,8,0,1,13,15,2,0,14
2490,120.0,2,13,1,1,2,1,0,1,0,0,3,3,2,0,29
2490,120.0,0,10,1,0,1,2,0,1,0,0,0,0,1,0,2
2490,120.0,17,56,7,2,20,8,0,2,0,3,5,4,9,0,7
2490,120.0,0,12,0,0,0,4,0,1,0,0,1,0,2,0,5
2490,120.0,10,48,4,0,15,1,0,2,0,2,6,3,6,0,14
2490,120.0,5,13,0,0,2,0,0,0,0,0,3,2,5,0,4
2490,120.0,56,194,38,14,77,15,0,10,0,4,19,11,19,0,25
2490,120.0,0,13,1,0,3,4,0,2,0,0,2,2,1,0,9
2490,120.0,2,16,3,2,4,3,0,1,0,0,4,6,7,0,10
1690,49.0,45,108,35,13,39,9,6,20,0,2,33,26,18,2,23
1690,49.0,0,1,0,0,0,0,0,0,0,0,0,0,1,0,0
1690,49.0,1,8,3,0,2,0,0,1,0,0,1,1,2,0,0
1690,49.0,2,22,2,5,4,2,0,2,0,0,1,2,4,0,24
1690,49.0,3,25,3,5,3,3,0,2,0,3,2,6,3,0,32
1690,49.0,1,1,0,0,0,1,0,0,0,0,0,1,0,0,1
1690,49.0,2,4,0,0,2,0,0,1,0,0,1,1,0,0,3
1690,49.0,4,26,15,4,6,4,0,4,0,0,7,3,9,0,10
1690,49.0,0,9,0,1,5,0,0,1,0,0,2,0,2,0,8
1690,49.0,0,1,0,0,0,0,0,0,0,0,0,0,1,0,0
1690,49.0,0,2,0,0,0,0,0,0,0,0,0,0,1,0,8
1690,49.0,4,11,1,1,3,3,0,1,0,0,3,1,4,0,18
1690,49.0,28,72,16,8,31,10,5,13,0,2,19,10,9,2,15
1690,49.0,24,66,14,5,27,9,5,13,0,2,17,9,9,1,13
1690,49.0,3,6,6,2,1,1,0,1,0,0,2,3,1,1,5
1690,49.0,3,12,0,0,4,0,0,1,0,0,2,4,3,0,5
1690,49.0,0,12,1,0,3,4,0,2,0,0,2,2,1,0,9
1690,49.0,18,52,19,4,21,8,0,5,0,5,7,12,22,0,17
1690,49.0,6,26,2,0,3,1,0,1,0,0,3,2,4,0,6
1690,49.0,26,53,18,3,15,3,0,1,0,3,7,8,12,1,27
4760,170.0,2,4,0,0,0,0,0,1,0,0,1,1,1,0,1
4760,170.0,4,16,2,0,4,1,0,0,0,0,2,1,5,0,3
4760,170.0,1,13,1,0,0,1,0,1,0,0,2,2,1,0,16
4760,170.0,1,13,1,0,0,1,0,1,0,0,2,2,1,0,16
4760,170.0,15,51,7,2,6,4,0,5,0,1,16,9,7,0,5
4760,170.0,82,229,67,14,64,9,1,17,1,2,28,18,27,0,21
4760,170.0,1,13,1,0,0,1,0,1,0,0,2,2,1,0,16
4760,170.0,7,34,2,1,8,3,0,2,0,0,3,8,3,1,17
4760,170.0,7,40,8,1,4,9,0,2,0,0,4,7,9,1,3
4760,170.0,1,7,1,0,3,0,0,0,0,0,1,1,5,0,3
4760,170.0,1,4,0,0,1,0,0,1,0,0,0,0,0,0,1
4760,170.0,42,130,47,6,27,12,0,10,0,2,8,14,25,1,30
4760,170.0,6,15,0,0,2,0,0,1,0,0,4,3,6,0,5
4760,170.0,25,89,25,10,23,4,0,2,0,1,9,17,20,0,15
4760,170.0,21,55,12,4,23,9,5,12,0,2,16,7,8,0,13
4760,170.0,4,11,1,0,2,1,0,1,0,0,1,1,5,0,7
4760,170.0,0,6,1,0,5,1,0,1,0,0,1,2,3,0,3
4760,170.0,8,19,4,1,6,1,0,1,0,2,4,9,2,0,9
4760,170.0,45,106,36,12,37,10,6,19,0,1,32,25,17,2,23
4760,170.0,10,27,1,5,3,1,0,3,0,0,5,7,4,0,4
2110,97.0,2,10,1,0,0,4,0,3,0,0,3,2,3,0,14
2110,97.0,1,3,0,0,0,0,0,1,0,0,0,1,1,0,1
2110,97.0,11,30,4,2,8,4,0,2,0,2,3,2,6,0,6
2110,97.0,9,36,3,3,3,0,0,1,1,0,5,3,3,0,14
2110,97.0,68,222,50,7,53,11,4,20,1,7,35,29,32,0,18
2110,97.0,0,1,0,0,0,0,0,0,0,0,0,0,0,0,0
2110,97.0,6,26,4,0,7,1,0,2,0,1,5,4,10,0,8
2110,97.0,2,4,0,0,3,2,0,1,0,0,2,1,2,0,10
2110,97.0,186,528,161,45,193,28,2,27,0,9,41,51,62,0,42
2110,97.0,2,2,0,0,0,4,0,0,0,0,0,2,0,0,3
2110,97.0,3,18,0,0,7,1,0,1,0,1,3,0,5,0,21
2110,97.0,4,19,0,0,8,1,0,1,0,1,3,0,5,0,21
2110,97.0,3,19,0,0,8,2,0,1,0,1,3,0,5,0,22
2110,97.0,56,175,45,11,48,2,1,10,1,1,30,11,22,0,14
2110,97.0,33,100,4,2,35,20,0,2,0,5,9,7,20,0,29
2110,97.0,66,204,48,7,52,11,4,17,0,8,30,30,30,0,29
2110,97.0,10,25,3,1,4,3,0,4,0,0,7,2,6,0,9
2110,97.0,7,20,2,1,3,1,0,7,0,2,13,5,4,0,27
2110,97.0,8,35,5,1,10,1,0,0,0,0,2,5,13,0,47
1750,92.0,2,2,0,0,0,4,0,0,0,0,0,2,0,0,3
1750,92.0,39,92,23,11,33,10,5,20,0,2,26,20,17,2,21
1750,92.0,2,4,0,0,0,1,0,1,0,0,1,1,1,0,1
1750,92.0,0,6,1,0,1,0,0,1,0,0,2,0,0,0,5
1750,92.0,1,14,1,2,3,1,0,1,0,0,2,3,3,0,15
1750,92.0,1,16,1,0,4,2,0,1,0,0,3,2,6,0,6
1750,92.0,1,16,1,0,4,2,0,1,0,0,3,2,6,0,6
1750,92.0,44,149,43,13,31,6,3,1,0,1,6,13,15,1,90
1750,92.0,2,10,0,0,2,2,0,0,0,0,0,1,0,0,6
1750,92.0,40,100,8,3,20,9,0,3,0,5,15,8,15,0,15
1750,92.0,18,61,17,0,18,8,0,5,0,2,8,10,7,2,7
1750,92.0,4,16,0,1,5,1,0,1,0,0,3,6,4,0,2
1750,92.0,1,2,0,1,3,2,0,1,0,0,0,2,2,0,0
1750,92.0,3,18,0,2,2,1,0,1,0,1,1,1,2,0,2
1750,92.0,5,17,0,1,5,1,0,2,0,0,2,3,6,0,18
1750,92.0,84,231,64,17,113,21,1,11,0,7,19,10,32,0,20
1750,92.0,19,87,14,2,36,12,3,7,0,3,11,8,15,0,33
1750,92.0,1,27,5,2,2,1,0,1,0,0,1,2,4,0,5
1750,92.0,1,8,0,0,1,0,0,1,0,0,1,1,3,0,4
2540,124.0,2,9,0,0,0,0,0,0,0,0,0,0,1,0,1
2540,124.0,1,4,1,0,1,0,0,0,0,0,1,2,3,0,0
2540,124.0,66,222,48,9,81,12,32,31,1,10,26,17,45,0,27
2540,124.0,14,75,5,2,17,10,0,6,0,0,5,1,10,0,21
2540,124.0,14,75,5,2,17,10,0,6,0,0,5,1,10,0,21
2540,124.0,23,89,12,2,39,10,2,6,0,3,13,8,17,0,30
2540,124.0,56,199,53,16,42,10,2,3,0,3,8,15,21,1,75
2540,124.0,40,127,47,6,23,11,0,10,0,4,6,14,22,1,37
2540,124.0,2,17,8,2,5,0,0,1,0,0,2,2,4,1,30
2540,124.0,12,58,9,3,25,2,3,9,0,1,11,9,5,0,20
2540,124.0,12,58,9,3,25,2,3,9,0,1,11,9,5,0,20
2540,124.0,12,58,9,3,25,2,3,9,0,1,11,9,5,0,20
2540,124.0,12,58,9,3,25,2,3,9,0,1,11,9,5,0,20
2540,124.0,1,8,3,0,2,2,0,0,0,0,1,3,1,0,7
2540,124.0,0,2,0,0,0,0,0,0,0,0,0,0,0,0,3
2540,124.0,10,50,3,0,19,0,9,5,1,5,6,1,4,0,18
2540,124.0,0,4,0,2,0,1,0,1,0,0,1,0,2,0,3
2540,124.0,47,165,51,14,50,3,1,5,0,0,22,8,22,0,12
2540,124.0,4,15,2,0,3,1,0,1,1,0,2,2,5,0,2
2540,124.0,7,10,2,0,3,1,0,2,1,0,3,3,4,0,9
4480,150.0,57,239,44,38,93,10,4,14,0,3,31,17,34,2,34
4480,150.0,10,19,1,0,3,2,0,3,0,0,8,3,6,0,7
4480,150.0,22,90,15,21,32,12,0,2,0,3,8,8,20,0,52
4480,150.0,0,3,1,0,0,1,0,1,0,0,1,0,0,0,2
4480,150.0,3,13,1,0,8,0,0,0,0,0,1,0,0,0,27
4480,150.0,6,22,0,0,1,1,0,3,0,2,3,4,6,0,5
4480,150.0,8,53,22,3,6,1,0,4,0,1,10,13,3,0,15
4480,150.0,0,3,0,0,0,1,0,0,0,0,0,0,1,0,1
4480,150.0,4,5,1,1,3,3,0,0,0,1,1,1,1,0,17
4480,150.0,2,4,2,0,3,0,0,1,0,0,1,1,4,0,10
4480,150.0,18,49,3,1,16,5,0,3,0,1,7,6,16,0,40
4480,150.0,5,27,2,0,10,1,0,0,0,2,1,3,5,1,27
4480,150.0,5,27,2,0,10,1,0,0,0,2,1,3,5,1,27
4480,150.0,3,19,3,0,3,0,0,1,0,0,5,2,3,0,22
4480,150.0,3,28,3,5,3,3,0,2,0,3,2,8,3,0,31
4480,150.0,7,34,18,4,5,4,0,9,0,0,9,5,7,0,4
4480,150.0,8,9,0,0,2,0,0,2,0,2,2,3,3,0,14
4480,150.0,56,179,36,8,49,10,4,12,0,8,27,29,27,0,29
4480,150.0,0,2,0,0,0,0,0,0,0,0,0,0,1,0,1
3590,102.0,21,69,8,2,25,12,0,3,0,4,7,8,8,0,11
3590,102.0,3,10,2,0,1,2,0,2,0,0,2,1,1,0,3
3590,102.0,33,62,13,4,14,1,0,7,0,2,9,7,3,0,7
3590,102.0,31,57,13,5,13,1,0,7,0,2,7,6,3,0,6
3590,102.0,7,24,4,0,2,1,0,2,0,0,2,3,0,0,13
3590,102.0,3,13,0,1,2,4,0,0,0,0,2,1,2,0,14
3590,102.0,1,5,0,0,0,0,0,1,0,0,1,1,3,0,2
3590,102.0,56,186,55,14,49,5,1,10,1,0,23,10,27,0,17
3590,102.0,3,10,2,0,1,2,0,2,0,0,2,1,1,0,3
3590,102.0,3,10,2,0,1,2,0,2,0,0,2,1,1,0,3
3590,102.0,1,4,1,0,0,0,0,0,0,0,1,1,1,0,1
3590,102.0,1,4,1,0,0,0,0,0,0,0,1,1,1,0,1
3590,102.0,19,29,7,2,9,2,0,1,0,3,4,7,12,1,22
3590,102.0,8,40,7,2,6,2,0,2,0,2,6,9,8,0,34
3590,102.0,3,9,0,1,2,8,0,1,0,1,2,3,2,0,5
3590,102.0,7,33,4,0,11,1,0,2,0,1,6,4,10,0,9
3590,102.0,14,45,17,4,16,4,0,2,0,3,7,13,19,0,13
3590,102.0,140,357,91,31,133,24,2,24,0,7,29,34,48,0,31
3590,102.0,2,15,3,0,2,0,0,1,0,1,2,4,3,0,0
3590,102.0,2,14,1,0,12,1,0,1,0,0,3,3,6,0,14
4060,140.0,2,10,1,2,1,1,0,0,0,0,1,0,2,0,9
4060,140.0,16,42,21,1,27,3,0,2,0,2,4,5,12,1,4
4060,140.0,1,9,2,0,0,0,0,1,0,0,1,3,3,0,6
4060,140.0,0,4,0,0,1,0,0,0,0,0,0,1,2,0,3
4060,140.0,0,6,0,0,2,0,0,0,0,0,2,1,2,0,0
4060,140.0,4,22,0,1,6,2,0,1,0,0,2,7,5,0,6
4060,140.0,4,12,2,1,8,1,0,2,0,0,4,2,3,0,0
4060,140.0,2,18,8,2,5,0,0,1,0,0,2,2,4,1,41
4060,140.0,7,16,3,1,3,1,0,1,0,2,5,8,2,0,9
4060,140.0,25,75,2,2,30,18,0,1,0,1,7,6,13,0,24
4060,140.0,57,197,55,14,54,3,2,11,1,0,28,12,27,0,11
4060,140.0,41,139,43,13,39,3,1,5,0,0,17,6,18,0,14
4060,140.0,1,7,2,1,2,0,0,1,0,0,1,3,1,0,3
4060,140.0,25,75,2,2,30,18,0,1,0,1,7,6,13,0,24
4060,140.0,25,75,2,2,30,18,0,1,0,1,7,6,13,0,24
4060,140.0,25,75,2,2,30,18,0,1,0,1,7,6,13,0,24
4060,140.0,2,9,1,0,1,1,0,1,0,0,1,1,5,0,5
4060,140.0,29,84,1,2,35,19,0,2,0,2,9,7,18,0,27
4060,140.0,0,13,3,0,4,0,0,2,0,1,2,3,5,0,2
2210,93.0,0,13,3,0,4,0,0,2,0,1,2,3,5,0,2
2210,93.0,183,522,159,46,193,22,2,26,0,11,39,50,60,0,40
2210,93.0,11,18,3,1,8,0,0,0,0,1,5,9,2,1,12
2210,93.0,24,93,14,6,37,3,6,10,1,0,12,13,14,0,45
2210,93.0,40,143,46,13,41,4,1,5,0,0,18,6,18,0,16
2210,93.0,0,6,0,0,2,0,0,2,0,0,3,3,4,0,2
2210,93.0,38,89,22,9,33,10,5,20,0,2,26,18,17,2,21
2210,93.0,0,5,0,0,2,1,0,0,0,0,0,1,1,0,2
2210,93.0,12,62,15,6,13,1,0,1,1,0,6,9,9,2,31
2210,93.0,21,67,2,2,28,15,0,1,0,1,7,6,13,0,21
2210,93.0,19,64,17,0,19,6,0,4,0,2,9,11,8,4,12
2210,93.0,3,31,0,0,4,3,0,1,1,0,7,3,6,0,16
2210,93.0,2,13,1,0,2,2,0,1,0,0,3,2,1,0,5
2210,93.0,36,106,21,3,17,4,4,9,0,7,13,20,14,0,30
2210,93.0,10,48,5,2,20,3,2,6,0,1,10,8,4,0,17
2210,93.0,5,16,2,1,1,1,0,1,0,0,4,5,1,0,5
2210,93.0,81,270,67,15,74,10,2,19,1,6,36,24,34,0,19
2210,93.0,40,124,47,6,26,10,0,8,0,2,8,14,23,1,29
2610,38.0,17,56,2,1,25,12,0,1,0,1,4,4,9,0,14
2610,38.0,10,26,1,5,3,1,0,3,0,0,5,7,2,0,4
2610,38.0,65,223,54,11,67,11,36,32,0,3,22,17,46,1,18
2610,38.0,45,154,44,7,38,8,1,13,1,1,28,7,17,0,13
2610,38.0,47,195,47,10,43,15,10,11,0,0,20,14,33,0,19
2610,38.0,8,19,1,1,3,1,0,2,0,0,4,6,7,0,11
2610,38.0,2,10,0,0,2,3,0,0,0,0,2,4,2,0,6
2610,38.0,0,2,0,0,0,0,0,0,0,0,0,0,0,0,3
2610,38.0,65,182,29,7,38,12,4,22,1,7,30,28,25,0,16
2610,38.0,31,115,20,3,47,13,0,4,0,5,12,15,16,0,17
2610,38.0,1,10,1,0,0,1,1,0,0,1,1,1,2,0,9
2610,38.0,0,3,0,0,0,1,0,1,0,0,1,1,1,0,1
2610,38.0,5,27,2,0,10,1,0,0,0,2,1,3,5,1,27
2610,38.0,16,50,14,4,20,2,0,2,0,1,5,9,5,0,15
2610,38.0,5,25,2,0,10,1,0,0,0,2,1,3,5,1,27
2610,38.0,5,25,2,0,10,1,0,0,0,2,1,3,5,1,27
2610,38.0,78,262,71,15,68,9,2,17,1,3,33,20,34,0,16
2610,38.0,174,491,146,44,186,30,2,27,0,9,43,51,62,0,46
2610,38.0,34,91,31,1,40,14,3,4,0,4,11,10,21,0,46
2610,38.0,0,1,0,0,0,0,0,0,0,0,0,2,0,0,0
2730,121.0,0,2,0,0,0,0,0,0,0,0,0,1,0,0,0
2730,121.0,119,306,87,31,128,22,2,23,0,9,23,20,46,0,24
2730,121.0,2,8,0,0,1,2,0,0,0,0,0,2,3,0,4
2730,121.0,4,7,0,0,0,0,0,1,0,2,0,1,3,0,13
2730,121.0,1,5,1,0,1,0,0,0,0,0,0,2,0,0,0
2730,121.0,9,22,5,0,2,0,0,1,0,0,2,2,2,0,10
2730,121.0,1,6,0,0,0,0,0,1,0,0,0,0,0,0,10
2730,121.0,1,9,0,1,0,1,0,0,0,0,4,1,2,0,12
2730,121.0,14,70,11,3,22,11,2,5,0,1,7,9,11,0,29
2730,121.0,0,1,0,0,0,0,0,0,0,0,0,0,0,0,2
2730,121.0,1,4,0,0,0,0,0,0,0,0,0,1,1,0,4
2730,121.0,1,3,0,0,0,0,0,0,0,0,0,0,1,0,6
2730,121.0,1,1,0,0,0,1,0,2,0,0,0,0,0,0,3
2730,121.0,1,26,2,2,10,0,0,1,0,0,4,7,3,0,10
2730,121.0,0,5,0,0,2,1,0,0,0,0,2,4,1,0,2
2730,121.0,0,3,0,0,0,0,0,0,0,0,0,0,0,0,2
2730,121.0,0,2,0,0,0,0,0,1,0,0,0,1,0,0,2
2730,121.0,3,13,2,1,1,5,0,1,0,0,1,2,2,0,13
2730,121.0,0,0,0,0,0,1,0,1,0,0,0,0,0,0,0
2730,121.0,11,42,3,1,5,3,0,3,0,1,13,7,7,0,5
2310,96.0,5,34,3,1,5,3,0,2,0,0,7,5,1,0,5
2310,96.0,3,7,1,0,2,1,0,0,0,0,1,1,4,0,2
2310,96.0,0,2,0,0,0,0,0,0,0,0,0,0,0,0,1
2310,96.0,0,2,0,0,0,2,0,0,0,0,0,2,1,0,0
2310,96.0,10,39,2,1,11,3,0,2,0,1,7,5,16,0,14
2310,96.0,5,5,1,0,1,4,0,1,0,0,1,1,1,0,5
2310,96.0,26,68,6,3,7,7,0,2,0,5,9,3,9,0,10
2310,96.0,0,6,0,0,0,2,0,0,0,0,0,0,0,0,4
2310,96.0,134,367,123,35,141,22,2,23,0,9,25,21,48,0,25
2310,96.0,8,35,6,1,13,5,0,3,0,2,4,6,13,1,14
2310,96.0,0,5,0,0,0,0,0,0,0,0,0,1,1,0,2
2310,96.0,0,0,0,0,0,0,0,0,0,0,0,0,2,0,0
2310,96.0,0,1,1,0,1,0,0,0,0,0,0,1,1,0,5
2310,96.0,0,14,2,2,6,0,0,2,0,0,2,4,2,0,10
2310,96.0,19,65,17,0,17,8,0,5,0,1,9,11,9,2,9
2310,96.0,0,4,0,0,0,1,0,0,0,0,0,1,1,0,4
2310,96.0,2,8,0,0,0,3,0,0,0,0,0,1,1,0,2
2310,96.0,1,11,0,0,1,1,0,1,0,3,1,1,1,0,6
2310,96.0,7,6,2,1,3,1,0,1,0,0,2,2,0,0,3
2310,96.0,16,53,7,6,18,6,0,0,0,0,5,8,11,0,44
4690,220.0,5,6,0,0,1,0,0,1,0,0,1,4,4,0,6
4690,220.0,1,3,0,0,0,0,0,1,0,0,1,1,0,0,4
4690,220.0,1,22,2,1,6,0,0,1,0,0,3,7,2,0,8
4690,220.0,0,3,0,0,0,1,0,1,0,0,0,0,0,0,0
4690,220.0,7,20,2,1,3,1,0,6,0,2,13,5,4,0,26
4690,220.0,12,45,8,2,16,8,5,12,0,2,12,2,6,0,17
4690,220.0,67,285,102,26,83,16,0,2,0,9,14,7,33,0,22
4690,220.0,1,3,0,0,2,0,0,1,0,0,1,0,1,0,3
4690,220.0,10,61,24,2,9,2,0,5,0,1,13,14,4,0,17
4690,220.0,4,16,7,1,3,1,0,1,1,0,3,4,1,0,4
4690,220.0,8,23,5,1,6,0,0,1,0,0,7,2,6,0,5
4690,220.0,0,4,0,0,0,0,0,0,0,0,0,0,0,0,7
4690,220.0,0,0,0,0,0,0,0,0,0,0,0,0,0,0,4
4690,220.0,0,7,0,0,1,0,0,2,0,0,1,1,1,0,5
4690,220.0,2,3,2,1,1,0,0,2,0,0,2,1,1,0,0
4690,220.0,3,19,3,0,3,0,0,1,0,0,5,2,3,0,22
4690,220.0,1,3,0,0,2,0,0,1,0,0,1,0,1,0,3
5390,300.0,8,13,0,0,2,1,0,1,0,0,4,6,7,0,9
5390,300.0,0,6,1,0,0,0,0,0,0,0,1,0,0,0,4
5390,300.0,16,56,14,2,27,9,1,1,0,3,7,5,8,0,20
5390,300.0,5,15,1,2,1,2,0,1,0,0,3,6,3,0,15
5390,300.0,9,43,4,2,8,3,1,8,0,2,9,4,3,0,26
5390,300.0,59,243,44,34,87,11,2,14,0,3,26,16,34,1,25
5390,300.0,25,55,19,3,14,3,0,1,0,3,6,10,15,1,29
5390,300.0,130,456,81,25,74,9,12,18,1,7,42,35,27,0,36
5390,300.0,3,17,2,2,11,9,0,0,0,0,3,1,2,0,26
5390,300.0,162,400,80,32,147,26,2,25,0,9,37,50,52,0,45
5390,300.0,0,2,0,0,0,1,0,0,0,0,0,0,0,0,0
5390,300.0,0,3,0,1,0,0,0,0,0,0,0,1,1,0,7
5390,300.0,106,352,66,21,63,12,9,11,1,5,37,28,27,0,26
5390,300.0,4,17,2,1,7,13,0,1,0,0,1,3,3,0,19
5390,300.0,0,4,0,0,0,1,0,0,0,0,0,0,0,0,4
5390,300.0,44,162,48,16,32,7,2,1,0,2,7,14,17,1,78
5390,300.0,3,13,0,0,3,3,0,1,0,0,1,0,1,0,5
5390,300.0,24,64,19,0,27,5,3,4,0,4,8,7,14,0,28
5390,300.0,2,17,8,2,5,0,0,1,0,0,2,2,4,1,32
5390,300.0,1,7,0,0,2,1,0,0,0,0,3,1,0,0,0
2130,85.0,18,61,17,0,18,7,0,5,0,1,8,10,7,2,8
2130,85.0,3,14,1,0,1,1,0,1,0,0,3,5,3,0,4
2130,85.0,1,11,1,0,0,2,0,0,0,0,1,2,4,0,9
2130,85.0,0,2,0,0,0,1,0,0,0,0,0,2,1,0,0
2130,85.0,0,3,0,0,0,0,0,0,0,0,0,0,0,0,6
2130,85.0,0,2,0,0,0,3,0,0,0,0,0,0,0,0,2
2130,85.0,3,6,2,0,1,0,0,1,0,0,3,3,3,0,14
2130,85.0,5,32,3,0,10,2,1,3,0,0,7,3,3,0,14
2130,85.0,2,13,1,0,3,0,0,1,0,0,1,0,3,0,3
2130,85.0,1,18,1,0,0,1,0,2,0,0,2,1,2,0,25
2130,85.0,1,5,2,1,2,0,0,0,0,0,1,2,2,0,1
2130,85.0,3,18,6,0,4,0,0,2,0,0,3,2,2,0,7
2130,85.0,3,11,1,0,2,1,0,1,1,0,1,1,1,0,2
2130,85.0,0,7,0,0,3,1,0,1,0,0,4,3,2,0,5
2130,85.0,2,17,2,1,3,3,0,1,0,0,2,4,2,1,20
2130,85.0,0,2,0,0,0,0,0,0,0,0,0,0,0,0,2
2130,85.0,4,7,0,0,2,1,0,2,0,0,3,1,4,0,4
2130,85.0,18,81,11,2,26,8,3,5,0,3,9,7,17,0,4
2130,85.0,7,20,3,0,2,2,0,3,0,1,8,6,3,0,3
2460,118.0,8,37,5,2,6,2,0,2,0,2,6,9,8,0,34
2460,118.0,26,86,12,1,38,7,1,6,0,3,13,8,17,0,28
2460,118.0,1,30,3,1,12,1,0,1,0,2,3,3,4,0,18
2460,118.0,17,61,17,0,18,8,0,5,0,2,8,10,7,2,7
2460,118.0,23,57,5,3,11,5,3,6,0,1,12,9,9,0,8
2460,118.0,0,3,0,0,0,1,0,0,0,0,0,0,0,0,1
2460,118.0,0,2,0,0,0,1,0,0,0,0,0,0,1,0,0
2460,118.0,2,4,0,0,0,0,0,1,0,0,2,1,0,0,1
2460,118.0,2,4,0,0,2,0,0,1,0,0,1,1,0,0,3
2460,118.0,19,39,5,1,12,5,0,2,0,2,6,4,13,0,38
2460,118.0,3,12,1,0,1,0,0,4,1,0,5,2,0,0,10
2460,118.0,0,3,0,0,1,0,0,1,0,0,0,0,1,0,5
2460,118.0,2,6,0,1,1,0,0,1,0,0,1,2,2,0,2
2460,118.0,0,7,1,0,0,0,0,0,0,0,0,1,1,0,0
2460,118.0,5,20,4,2,3,1,0,1,0,1,4,2,6,0,51
2460,118.0,6,6,0,0,1,0,0,2,0,0,1,4,4,0,6
2460,118.0,166,446,116,36,169,29,2,26,0,9,39,50,56,0,47
2460,118.0,0,8,0,0,0,3,0,2,0,0,1,0,2,0,3
4340,220.0,1,8,0,0,0,0,0,0,0,0,1,1,2,0,7
4340,220.0,12,26,4,0,2,0,0,2,0,3,6,3,1,0,27
4340,220.0,36,107,19,3,23,4,1,12,1,1,21,4,11,0,11
4340,220.0,6,17,2,1,2,1,0,1,0,0,4,5,1,0,5
4340,220.0,27,63,22,7,15,1,1,7,0,0,17,20,8,1,15
4340,220.0,0,0,0,0,0,1,0,0,0,0,0,0,0,0,1
4340,220.0,4,17,0,1,4,1,0,2,0,1,3,3,6,0,8
4340,220.0,19,43,13,1,16,3,0,2,0,2,11,4,10,0,2
4340,220.0,1,5,0,0,1,0,0,0,0,0,0,2,0,0,2
4340,220.0,4,19,1,2,3,2,0,1,0,0,4,5,2,0,41
4340,220.0,2,16,3,2,4,4,0,1,0,1,4,6,7,0,12
4340,220.0,1,11,0,0,0,4,0,1,0,0,2,1,3,0,6
4340,220.0,41,150,21,4,68,9,16,22,1,10,19,9,34,0,23
4340,220.0,0,5,0,0,0,2,0,1,0,0,0,1,3,0,14
4340,220.0,25,91,15,2,29,8,3,5,0,3,12,9,18,0,10
4340,220.0,2,19,4,0,0,0,0,1,0,0,1,2,1,0,1
4340,220.0,70,222,62,15,60,6,2,14,1,1,31,12,29,0,12
4340,220.0,56,201,47,8,73,12,15,18,1,10,24,18,45,0,27
4340,220.0,0,9,1,0,3,1,0,1,0,0,4,4,2,0,5
4340,220.0,25,121,22,16,59,5,3,7,0,5,26,10,12,1,31
2520,140.0,1,13,2,0,3,0,0,1,0,0,2,1,1,0,4
2520,140.0,60,230,43,34,90,9,3,14,0,3,30,18,33,2,38
2520,140.0,19,62,16,8,23,2,0,4,0,0,3,9,9,0,4
2520,140.0,1,13,1,0,5,0,0,1,0,0,2,3,6,0,13
2520,140.0,3,4,1,0,2,1,0,1,0,1,1,1,0,1,8
2520,140.0,126,300,57,24,99,17,1,21,0,7,32,44,44,0,28
2520,140.0,166,450,129,39,177,29,2,25,0,8,39,49,56,0,45
2520,140.0,4,30,10,2,3,0,0,1,0,1,4,4,3,0,10
2520,140.0,6,11,1,0,1,0,0,1,0,0,0,0,2,0,5
2520,140.0,20,59,5,2,6,8,0,2,0,4,11,5,10,0,14
2520,140.0,0,1,0,0,0,0,0,1,0,0,0,0,0,0,1
2520,140.0,17,61,17,0,18,8,0,5,0,2,8,10,7,2,7
2520,140.0,29,72,6,2,8,7,0,2,0,4,11,5,10,0,17
2520,140.0,0,9,0,0,1,1,0,1,0,0,2,2,3,0,12
2520,140.0,95,287,56,18,51,12,9,10,1,4,35,24,26,0,28
2520,140.0,14,36,3,1,5,2,0,3,0,0,7,4,8,0,5
2520,140.0,0,1,1,0,1,0,0,0,0,0,1,1,1,0,0
2520,140.0,1,1,0,0,0,0,0,0,0,0,0,1,1,0,2
2520,140.0,19,46,6,5,19,8,0,0,0,0,5,7,12,0,41
3920,122.0,36,107,19,3,23,4,1,12,1,1,21,4,11,0,11
3920,122.0,34,119,19,6,40,16,0,3,0,7,7,6,21,0,21
3920,122.0,11,15,1,2,3,0,0,1,0,0,1,3,5,0,0
3920,122.0,2,10,0,1,3,2,0,1,0,0,1,2,3,0,6
3920,122.0,54,234,27,6,40,5,2,15,1,1,37,20,3,0,17
3920,122.0,0,3,0,0,1,0,0,1,0,0,0,0,1,0,9
3920,122.0,5,15,0,0,3,0,0,0,0,0,4,4,5,0,4
3920,122.0,0,13,1,0,4,4,0,2,0,0,3,2,2,0,9
3920,122.0,37,105,17,6,21,5,3,11,0,8,16,21,19,0,16
3920,122.0,21,50,5,4,9,4,0,4,0,3,14,10,9,0,6
3920,122.0,2,9,1,0,0,0,0,0,0,0,0,0,0,0,0
3920,122.0,0,3,0,0,0,0,0,0,0,0,0,3,2,0,1
3920,122.0,1,8,0,0,0,0,0,1,0,0,1,1,2,0,7
3920,122.0,3,16,0,2,2,1,0,1,0,1,1,1,2,0,1
3920,122.0,7,39,8,1,4,8,0,2,0,0,4,8,9,1,3
3920,122.0,45,102,27,12,34,10,5,16,0,2,26,26,13,2,17
3920,122.0,2,20,2,2,5,2,0,0,0,0,2,0,4,0,10
3920,122.0,0,14,1,0,3,4,0,2,0,1,2,2,1,0,9
3850,140.0,147,407,132,38,145,25,2,25,0,8,31,30,49,0,30
3850,140.0,1,7,0,0,0,0,0,0,0,0,0,0,0,0,3
3850,140.0,4,24,1,0,7,9,0,2,0,1,11,6,4,0,15
3850,140.0,17,73,26,5,12,6,0,5,0,3,2,2,12,0,36
3850,140.0,1,11,3,1,1,0,0,0,0,1,1,2,4,0,3
3850,140.0,0,3,1,0,1,1,0,1,0,0,1,0,0,0,1
3850,140.0,9,38,1,1,6,9,0,2,0,0,3,1,6,0,22
3850,140.0,8,9,0,0,2,1,0,2,0,2,2,3,3,0,16
3850,140.0,3,32,3,1,12,1,0,2,0,2,4,3,5,0,11
3850,140.0,3,20,1,0,19,1,0,4,0,0,3,2,4,0,8
3850,140.0,2,20,3,1,2,2,0,1,0,2,3,5,4,0,14
3850,140.0,1,4,1,0,2,6,0,0,0,1,0,0,1,0,2
3850,140.0,12,34,5,3,11,1,0,1,0,1,3,4,2,0,11
3850,140.0,1,12,1,0,2,2,0,1,0,0,4,3,1,0,5
3850,140.0,0,1,0,0,0,0,0,0,0,0,0,0,0,0,1
3850,140.0,170,502,160,50,205,22,0,16,0,11,39,49,60,0,37
3850,140.0,24,88,16,3,34,13,3,2,0,3,10,8,14,0,36
3850,140.0,2,7,0,0,1,0,0,1,0,0,0,0,2,0,12
3850,140.0,75,239,60,8,64,11,3,17,1,6,36,25,33,0,24
3850,140.0,66,289,42,10,39,2,13,16,0,5,33,23,8,0,55
5810,121.0,3,24,6,0,7,8,0,0,0,1,7,5,6,0,3
5810,121.0,6,26,1,1,1,0,0,2,0,0,6,6,5,0,13
5810,121.0,10,26,1,5,3,1,0,2,0,0,4,7,2,0,4
5810,121.0,4,30,2,5,4,3,0,2,0,3,2,8,3,0,32
5810,121.0,1,18,0,0,1,1,0,1,0,0,3,5,5,0,9
5810,121.0,1,28,2,2,10,0,0,1,0,0,4,7,3,0,12
5810,121.0,1,5,0,0,0,0,0,0,0,0,0,0,1,0,1
5810,121.0,2,3,0,0,1,0,0,1,0,0,1,2,0,0,4
5810,121.0,1,5,0,0,0,0,0,1,0,0,1,0,3,0,4
5810,121.0,1,12,3,1,1,0,0,1,0,1,1,2,5,0,1
5810,121.0,3,33,2,0,7,9,0,1,0,1,7,4,4,0,9
5810,121.0,144,527,83,25,94,11,13,22,0,6,57,38,27,0,38
5810,121.0,27,111,18,3,36,20,3,3,0,3,12,8,19,0,56
5810,121.0,52,159,23,5,58,15,1,9,0,2,13,2,18,0,15
6270,150.0,52,159,23,5,58,15,1,9,0,2,13,2,18,0,15
6270,150.0,0,2,0,0,0,0,0,0,0,0,0,0,1,0,1
6270,150.0,1,5,0,0,0,2,0,0,0,1,0,0,0,0,0
6270,150.0,34,90,30,1,38,14,3,4,0,6,11,9,20,0,41
6270,150.0,0,8,0,0,3,1,0,1,0,0,4,3,2,0,5
6270,150.0,78,238,64,17,61,9,2,16,1,1,28,16,30,0,14
6270,150.0,9,27,3,1,1,5,0,0,0,0,5,2,3,0,11
6270,150.0,1,2,1,0,0,1,0,1,0,0,1,1,1,0,0
6270,150.0,9,38,5,2,10,1,0,1,0,0,4,3,13,0,55
6270,150.0,0,4,0,0,0,1,0,1,0,1,0,0,0,0,2
6270,150.0,5,15,2,0,2,5,0,4,0,0,3,1,5,0,7
6270,150.0,1,11,3,1,1,0,0,0,0,1,1,2,4,0,3
6270,150.0,0,2,1,0,0,0,0,1,0,0,0,1,0,0,2
6270,150.0,44,162,48,16,32,7,2,1,0,2,7,14,17,1,78
6270,150.0,0,6,0,0,1,0,0,1,0,0,0,1,1,0,0
6270,150.0,18,63,17,0,18,8,0,5,0,2,8,10,7,2,9
6270,150.0,149,404,134,38,153,22,2,23,0,9,30,23,50,0,31
6270,150.0,0,4,0,0,0,1,0,1,0,1,0,0,0,0,2
6270,150.0,3,9,0,0,1,0,0,0,0,0,0,1,2,0,0
6270,150.0,1,16,4,0,2,2,0,0,0,2,0,0,3,0,2
3770,150.0,41,141,44,13,40,4,1,6,0,0,18,6,18,0,15
3770,150.0,0,13,0,1,5,0,0,2,0,0,2,1,2,0,9
3770,150.0,46,114,11,4,28,9,0,4,0,5,18,10,14,0,13
3770,150.0,19,58,6,1,36,14,0,4,0,4,5,3,14,0,20
3770,150.0,3,16,8,2,5,0,0,1,0,0,2,2,4,1,27
3770,150.0,3,11,1,2,3,1,0,0,0,1,3,5,3,0,4
3770,150.0,0,5,0,1,4,0,0,1,0,0,2,0,2,0,7
3770,150.0,4,14,1,0,4,1,0,1,0,0,2,0,3,0,3
3770,150.0,0,4,0,0,0,0,0,1,0,0,0,2,0,0,6
3770,150.0,3,16,2,1,2,5,0,1,0,0,1,2,2,0,14
3770,150.0,3,11,1,0,3,0,0,1,0,2,0,0,1,0,3
3770,150.0,13,56,13,1,24,6,0,4,0,3,4,2,12,0,15
3770,150.0,0,3,0,1,1,0,0,1,0,0,1,0,2,0,6
3770,150.0,19,63,17,0,18,8,0,5,0,2,8,10,7,2,10
3770,150.0,0,6,0,0,2,0,0,0,0,0,2,1,2,0,0
3770,150.0,8,39,4,0,12,1,0,2,0,1,7,4,10,0,11
3770,150.0,0,3,1,0,0,0,0,1,0,0,0,0,0,0,2
3770,150.0,2,8,0,1,1,1,0,1,0,0,1,2,3,0,11
3770,150.0,1,14,0,0,2,2,0,0,0,0,0,1,0,0,2
1440,51.0,16,63,16,8,17,2,0,1,0,0,3,8,8,0,4
1440,51.0,3,14,0,0,4,0,0,1,0,0,1,1,1,0,142
1440,51.0,29,84,1,2,35,19,0,2,0,2,9,7,18,0,27
1440,51.0,3,10,0,1,2,8,0,1,0,1,2,3,2,0,7
1440,51.0,71,212,58,8,63,9,1,17,1,6,39,23,31,0,21
1440,51.0,5,19,5,0,5,1,0,1,0,0,1,6,1,0,4
1440,51.0,5,18,1,5,4,3,0,2,0,0,2,3,1,0,2
1440,51.0,0,6,7,0,2,0,0,0,0,0,0,1,2,0,22
1440,51.0,10,59,28,2,11,3,0,7,0,1,12,15,2,0,15
1440,51.0,5,22,1,0,3,1,0,2,0,2,5,7,5,0,8
1440,51.0,56,194,52,16,41,10,2,3,0,2,8,15,20,1,77
1440,51.0,54,199,43,8,73,12,9,16,1,8,23,18,44,0,27
1440,51.0,67,210,48,10,49,9,3,18,0,9,29,30,32,0,20
1440,51.0,55,233,43,31,79,9,2,14,0,3,24,16,30,1,21
1440,51.0,54,228,44,37,93,9,4,12,0,3,29,14,36,2,35
1440,51.0,1,8,0,2,3,1,0,1,0,0,1,4,3,0,7
1440,51.0,115,337,76,26,103,16,0,14,0,6,32,41,32,0,36
1440,51.0,5,22,1,0,3,1,0,2,0,2,4,5,4,0,8
1440,51.0,1,4,0,0,1,0,0,0,0,0,1,1,0,0,2
2550,69.0,64,221,48,9,83,12,32,31,1,10,26,17,44,0,27
2550,69.0,56,201,47,8,73,12,15,18,1,10,24,18,45,0,27
2550,69.0,4,12,0,0,1,0,0,0,0,1,3,3,2,0,1
2550,69.0,24,75,2,2,31,17,0,1,0,1,7,6,13,0,21
2550,69.0,0,6,0,0,0,0,0,0,0,0,0,2,0,0,0
2550,69.0,10,17,1,1,6,2,0,1,0,1,1,1,5,0,10
2550,69.0,4,21,2,2,4,2,0,1,0,0,2,2,2,0,4
2550,69.0,1,12,0,0,2,2,0,0,0,0,1,0,0,0,7
2550,69.0,1,4,0,0,1,0,0,0,0,0,1,1,0,0,2
2550,69.0,1,4,0,0,1,0,0,0,0,0,1,1,0,0,2
2550,69.0,1,4,0,0,1,0,0,0,0,0,1,1,0,0,2
2550,69.0,8,30,2,2,3,3,1,7,0,2,9,4,4,0,24
2550,69.0,14,44,4,2,17,5,0,7,0,0,10,6,8,0,15
2550,69.0,10,62,33,2,12,3,0,8,0,1,13,15,2,0,14
2550,69.0,13,41,12,3,17,1,0,2,0,1,4,8,2,0,11
2550,69.0,0,9,0,0,1,1,0,1,0,0,2,2,3,0,10
2550,69.0,47,158,46,7,38,8,1,13,1,1,28,7,17,0,12
2550,69.0,11,46,8,3,24,1,6,5,1,0,11,9,10,0,43
2550,69.0,1,7,0,0,2,0,0,1,0,0,0,1,1,0,2
2550,69.0,1,19,4,0,0,0,0,0,0,0,0,2,4,0,10
4550,220.0,1,5,1,0,1,0,0,0,0,0,1,3,0,0,0
4550,220.0,1,4,0,0,0,0,0,0,0,0,0,0,0,0,1
4550,220.0,1,10,1,0,3,2,0,1,0,0,3,2,2,0,3
4550,220.0,2,17,5,0,2,4,0,1,0,0,2,4,4,0,17
4550,220.0,1,4,0,0,0,1,0,2,0,0,0,0,0,0,3
4550,220.0,1,15,0,0,1,1,0,0,0,0,4,5,3,0,2
4550,220.0,14,46,14,3,17,1,0,1,0,0,5,9,5,0,8
4550,220.0,0,4,0,0,0,0,0,0,0,0,0,0,0,0,1
4550,220.0,56,196,51,17,39,10,2,3,0,3,8,15,19,1,67
4550,220.0,43,117,10,4,25,10,0,5,0,5,18,10,14,0,18
4550,220.0,1,6,1,0,0,0,0,1,0,0,0,1,0,0,5
4550,220.0,1,7,0,1,0,1,0,0,0,0,3,1,2,0,12
4550,220.0,14,44,9,2,19,8,0,3,0,5,6,8,15,0,11
4550,220.0,0,6,5,0,2,0,0,0,0,0,1,1,1,0,3
4550,220.0,4,21,0,1,6,1,0,1,0,0,4,7,5,0,2
4550,220.0,18,74,5,3,15,3,2,2,1,0,18,3,3,0,7
4550,220.0,1,4,0,0,0,0,0,1,0,0,0,0,0,0,3
4550,220.0,1,7,1,0,0,1,0,0,0,1,1,1,2,0,8
