price,area,cafe_present,restaurant_present,bar_present,pub_present,fast_food_present,school_present,university_present,library_present,hospital_present,clinic_present,pharmacy_present,bank_present,atm_present,bus_station_present,parking_present
2880,115.0,0,1,1,1,0,0,0,0,0,0,0,0,1,0,0
2880,115.0,1,1,0,0,0,0,0,0,0,0,1,0,0,0,0
2880,115.0,0,0,0,0,0,0,0,0,0,0,0,0,0,0,1
2880,115.0,0,0,0,0,0,0,0,0,0,0,0,0,0,0,1
2880,115.0,1,1,0,0,0,1,0,0,0,0,0,0,0,0,0
2880,115.0,1,1,1,1,1,1,0,0,0,0,1,0,1,0,1
2880,115.0,0,1,0,1,0,0,0,0,0,0,1,1,0,0,0
2880,115.0,1,1,1,1,1,1,0,0,0,0,1,0,1,0,1
2880,115.0,0,0,0,0,0,0,0,0,0,0,0,0,0,0,1
2880,115.0,1,1,0,0,1,0,0,0,0,0,1,0,1,0,1
2880,115.0,0,0,0,0,0,0,0,0,0,0,0,0,0,0,1
7980,260.0,0,1,0,1,0,0,0,0,0,0,1,1,0,0,0
7980,260.0,0,1,0,0,0,0,0,0,0,0,0,0,0,0,0
7980,260.0,0,1,0,0,0,0,0,0,0,0,0,0,0,0,0
7980,260.0,0,1,0,0,0,0,0,0,0,0,0,0,0,0,0
7980,260.0,0,1,0,0,0,0,0,0,0,0,1,0,0,0,0
7980,260.0,0,1,0,0,0,0,0,0,0,0,1,0,0,0,0
7980,260.0,1,1,1,1,1,1,0,0,0,0,1,0,1,0,1
7980,260.0,1,1,0,0,1,0,0,1,0,0,1,1,1,0,0
7980,260.0,1,1,0,0,0,0,0,0,0,0,1,0,1,0,1
7980,260.0,0,1,0,0,0,0,0,0,0,0,1,0,0,0,0
7980,260.0,0,1,0,0,0,0,0,0,0,0,1,0,0,0,0
7980,260.0,0,1,0,0,0,0,0,0,0,0,1,0,0,0,0
7980,260.0,0,0,0,0,0,0,0,0,0,0,0,1,1,0,0
6700,170.0,0,1,0,0,0,0,0,0,0,0,0,0,0,0,0
6700,170.0,1,1,1,0,1,0,0,0,0,0,0,1,0,0,1
6700,170.0,0,1,0,0,0,0,0,0,0,0,0,0,0,0,0
6700,170.0,1,1,0,1,1,1,0,1,0,0,0,0,0,0,0
6700,170.0,1,1,0,1,0,1,0,0,0,0,1,0,0,0,0
6700,170.0,1,1,0,0,1,0,0,0,0,0,1,1,1,0,1
6700,170.0,0,1,0,0,0,1,0,0,0,0,0,1,0,0,1
6700,170.0,0,0,0,0,1,0,0,0,0,0,0,0,0,0,0
6700,170.0,1,1,0,1,1,1,0,1,0,0,0,0,0,0,0
6700,170.0,0,1,0,0,0,0,0,0,0,0,0,0,1,0,0
2750,33.0,0,1,0,0,0,0,0,0,0,0,0,0,1,0,1
2750,33.0,1,1,1,0,1,1,0,1,0,0,0,0,0,0,0
2750,33.0,1,1,1,0,1,0,0,0,0,1,0,0,1,0,0
2750,33.0,0,0,0,0,0,0,0,0,0,0,0,0,0,0,1
2750,33.0,1,0,0,0,0,0,0,0,0,0,0,0,0,0,0
2750,33.0,0,1,1,0,1,0,0,0,0,0,1,1,1,0,1
2750,33.0,0,1,1,0,1,0,0,1,0,0,1,0,0,0,1
2750,33.0,0,0,0,0,0,0,0,0,0,0,0,0,0,0,1
2750,33.0,0,0,0,0,0,0,0,0,0,0,0,1,0,0,1
2750,33.0,0,0,0,0,0,0,0,0,0,0,0,0,0,0,1
2750,33.0,0,1,1,0,1,1,0,1,0,0,0,0,0,0,0
2750,33.0,0,0,0,0,0,1,0,0,0,0,0,0,0,0,0
2750,33.0,1,1,1,0,1,1,0,0,0,0,1,0,0,0,0
3300,170.0,0,0,0,0,0,0,0,0,0,0,0,0,0,0,1
3300,170.0,0,1,1,0,0,0,0,1,0,0,1,0,0,0,1
3300,170.0,0,1,0,0,0,0,0,0,0,0,0,0,0,0,1
3300,170.0,1,1,0,1,1,1,0,1,0,0,0,0,0,0,0
3300,170.0,0,1,0,0,1,0,0,0,0,0,1,0,0,0,0
3300,170.0,1,1,1,0,1,0,0,0,0,1,0,0,1,0,0
3300,170.0,0,0,0,0,0,0,0,0,0,0,0,0,0,0,1
3300,170.0,1,1,1,1,1,0,0,0,0,0,1,0,1,0,0
3300,170.0,0,1,0,0,0,0,0,0,0,0,0,1,0,0,0
3300,170.0,1,1,1,1,0,1,0,1,0,0,1,0,1,0,1
3300,170.0,0,0,0,0,0,0,0,0,0,1,0,0,1,0,0
3300,170.0,0,1,0,0,0,0,0,0,0,0,0,0,0,0,0
3710,300.0,0,1,0,0,0,0,0,0,0,0,0,0,0,0,0
3710,300.0,0,1,0,0,0,0,0,0,0,0,0,0,1,0,0
3710,300.0,1,1,1,0,1,0,0,0,0,1,0,0,1,0,0
3710,300.0,0,0,0,0,0,0,0,0,0,0,0,0,0,0,1
3710,300.0,1,1,0,0,1,0,0,0,0,0,1,0,1,0,0
3710,300.0,1,1,0,0,0,0,0,0,0,0,1,1,0,0,1
3710,300.0,1,1,0,0,0,0,0,0,0,0,1,0,0,0,1
3710,300.0,0,1,0,0,0,0,0,0,0,0,1,0,0,0,0
3710,300.0,0,0,0,0,0,0,0,0,0,0,0,0,0,0,1
3710,300.0,1,1,0,0,0,1,0,0,0,0,1,1,0,0,0
4340,121.0,0,0,0,0,0,1,0,0,0,0,0,0,0,0,0
4340,121.0,0,0,0,0,0,1,0,0,0,0,0,0,0,0,0
4340,121.0,0,1,0,0,1,0,0,0,0,0,0,0,0,0,0
4340,121.0,0,1,0,0,1,1,0,0,0,0,0,0,0,0,1
4340,121.0,1,1,1,0,1,0,0,0,0,0,0,0,0,0,1
4340,121.0,1,1,0,0,1,0,0,0,0,0,1,0,0,0,0
4340,121.0,0,1,0,0,0,0,0,0,0,0,0,0,1,0,0
4340,121.0,1,1,0,0,0,1,0,0,0,0,1,0,0,0,0
4340,121.0,0,1,0,0,0,0,0,0,0,0,0,0,1,0,1
4340,121.0,1,1,1,0,1,0,0,0,0,1,0,0,1,0,0
4340,121.0,1,1,1,0,1,0,0,0,0,1,0,0,1,0,0
4340,121.0,0,0,0,0,1,0,0,0,0,0,0,0,1,0,0
4340,121.0,0,0,0,0,0,0,0,0,0,0,0,0,0,0,1
4340,121.0,0,1,0,0,0,0,0,0,0,0,0,0,0,0,1
4340,121.0,0,1,0,0,0,0,0,0,0,0,0,0,0,0,0
3250,150.0,0,0,0,0,0,0,0,0,0,0,0,0,0,0,1
3250,150.0,0,1,0,0,1,1,0,0,0,0,0,0,0,0,1
3250,150.0,1,1,0,0,1,0,0,1,0,0,1,1,0,0,0
3250,150.0,0,1,0,0,1,0,0,1,0,0,0,0,0,0,0
3250,150.0,0,1,0,0,0,0,0,1,0,0,1,1,1,0,0
3250,150.0,1,1,1,1,1,1,0,0,0,1,1,0,1,0,0
3250,150.0,0,0,0,0,1,0,0,0,0,0,0,0,1,0,0
3250,150.0,1,1,1,0,1,0,0,1,0,0,1,1,0,0,1
3250,150.0,0,1,0,0,0,0,0,0,0,0,0,0,0,0,0
3250,150.0,1,1,1,1,1,0,1,0,0,0,1,1,1,0,1
3250,150.0,0,1,0,0,1,1,0,0,0,0,0,0,0,0,1
3250,150.0,0,1,0,0,0,1,0,0,0,0,0,0,0,0,1
3250,150.0,0,0,1,0,0,0,0,0,0,0,0,0,0,0,1
3250,150.0,1,1,0,0,0,1,0,1,0,0,1,0,0,0,0
5950,150.0,1,1,1,1,1,0,0,0,0,1,1,1,1,0,1
5950,150.0,0,1,0,0,1,0,0,0,0,0,1,1,1,0,0
5950,150.0,0,0,1,0,0,0,0,0,0,0,1,1,1,0,0
5950,150.0,0,1,0,0,0,0,0,0,0,0,0,0,1,0,0
5950,150.0,1,0,0,0,0,0,0,0,0,0,0,0,0,0,0
2280,81.0,0,0,0,0,1,0,0,0,0,0,0,0,1,0,0
2280,81.0,0,1,0,0,0,0,0,0,0,0,0,0,0,0,0
2280,81.0,0,0,0,0,0,1,0,0,0,0,0,0,0,0,0
2280,81.0,1,1,1,1,1,0,0,0,0,0,1,0,0,0,0
2280,81.0,1,1,0,0,0,0,0,0,0,0,1,1,1,0,1
2280,81.0,0,1,0,0,0,0,0,0,0,0,1,1,1,0,0
2280,81.0,0,1,0,0,0,0,0,0,0,0,0,1,0,0,0
2280,81.0,0,0,0,0,0,0,0,0,0,0,0,0,0,0,1
2280,81.0,0,0,1,0,0,0,0,0,0,0,0,0,0,0,1
2280,81.0,0,0,0,0,0,0,0,0,0,0,0,0,0,0,1
2280,81.0,1,1,0,1,1,0,0,0,0,0,0,0,1,0,0
2280,81.0,0,1,0,0,0,0,0,0,0,0,0,0,0,0,0
3480,117.0,0,1,0,0,0,0,0,0,0,0,0,0,0,0,0
3480,117.0,0,1,0,0,0,0,0,0,0,0,0,0,0,0,0
3480,117.0,1,1,0,0,0,0,0,0,0,0,0,0,0,0,0
3480,117.0,0,1,0,0,0,0,0,0,0,0,0,1,0,0,0
3480,117.0,0,1,0,0,0,0,0,0,0,0,0,1,0,0,0
3480,117.0,0,1,0,0,0,0,0,0,0,0,0,1,0,0,0
3480,117.0,1,1,0,0,0,0,0,0,0,0,1,0,1,0,1
3480,117.0,0,0,0,0,0,0,0,0,0,0,0,0,1,0,1
3480,117.0,1,1,0,0,1,1,0,1,0,1,1,0,1,0,1
3480,117.0,1,1,1,1,1,0,0,0,0,0,0,1,1,0,1
3480,117.0,0,1,0,0,0,0,0,0,0,0,0,0,0,0,0
3480,117.0,1,1,0,0,1,1,0,1,0,1,1,0,1,0,1
3480,117.0,0,1,0,0,0,0,0,0,0,0,0,0,0,0,0
3480,117.0,0,1,0,0,0,0,0,0,0,0,0,1,0,0,0
2490,108.0,0,1,0,0,1,0,0,1,0,0,0,0,0,0,0
2490,108.0,0,1,0,0,0,0,0,0,0,0,0,1,0,0,0
2490,108.0,0,0,0,0,0,0,0,0,0,0,0,0,0,0,1
2490,108.0,0,1,0,0,0,0,0,0,0,0,0,1,0,0,0
2490,108.0,0,0,0,0,0,0,0,0,0,0,0,0,0,0,1
2490,108.0,1,1,1,1,1,0,0,0,0,0,1,1,1,0,1
2490,108.0,1,1,0,0,1,0,0,0,0,0,0,1,0,0,0
2490,108.0,0,1,0,0,0,0,0,0,0,0,0,1,1,0,0
2490,108.0,1,1,1,1,1,0,0,0,0,0,1,1,1,0,1
3590,170.0,0,1,1,0,0,0,0,0,0,0,0,0,0,0,0
3590,170.0,1,1,1,1,1,0,0,1,0,0,1,1,1,0,0
3590,170.0,1,1,0,0,0,0,0,0,0,0,0,0,0,0,1
3590,170.0,0,1,0,0,0,0,0,0,0,0,0,0,0,0,1
3590,170.0,0,1,0,0,1,0,0,0,0,0,0,0,0,0,0
3590,170.0,0,1,0,0,0,0,0,0,0,0,0,0,0,0,0
3590,170.0,0,1,0,0,1,0,0,0,0,0,0,0,0,0,0
3590,170.0,0,1,0,0,1,0,0,0,0,0,1,0,0,0,0
3590,170.0,0,1,0,0,0,0,0,0,0,0,0,0,0,0,1
3590,170.0,0,1,1,0,1,1,0,0,0,0,0,0,1,0,1
3590,170.0,1,1,1,1,1,0,0,0,0,0,1,1,1,0,1
3590,170.0,0,0,0,0,1,0,0,0,0,0,0,0,0,0,0
3590,170.0,0,1,0,1,0,0,0,0,0,0,1,1,0,0,0
2030,140.0,0,1,0,0,0,0,0,0,0,0,1,0,0,0,1
2030,140.0,0,0,0,0,0,0,0,1,0,0,0,0,0,0,0
2030,140.0,1,1,1,0,0,0,0,0,0,0,0,0,0,0,0
2030,140.0,1,1,1,0,0,0,0,1,0,0,1,0,0,0,0
2030,140.0,0,1,0,0,0,0,0,0,0,0,0,1,1,0,0
2030,140.0,0,1,0,0,0,0,0,0,0,0,1,1,1,0,0
2030,140.0,0,1,0,1,0,0,0,0,0,0,1,1,0,0,0
2030,140.0,1,1,1,0,0,0,0,1,0,0,1,0,0,0,0
2030,140.0,0,1,0,0,0,0,0,0,0,0,0,0,1,0,0
2030,140.0,0,1,0,0,0,0,0,0,0,0,1,0,1,0,0
2030,140.0,1,1,1,0,0,1,0,0,0,0,1,1,0,0,0
2030,140.0,1,0,0,0,1,1,0,0,0,0,0,0,0,0,0
2030,140.0,1,1,1,0,1,0,1,1,0,0,1,1,1,0,1
2030,140.0,0,1,1,0,0,0,0,0,0,0,1,0,0,0,0
2030,140.0,1,1,1,0,0,0,0,0,0,0,0,1,0,0,0
2590,122.0,0,0,0,0,0,1,0,1,0,0,0,0,0,0,0
2590,122.0,0,1,0,0,0,1,0,0,0,0,0,0,0,0,1
2590,122.0,1,1,0,0,1,0,0,0,0,1,1,1,1,0,0
2590,122.0,0,1,0,0,0,0,0,0,0,0,0,0,0,0,1
2590,122.0,0,1,0,0,0,0,0,0,0,0,0,0,0,0,0
2590,122.0,1,0,0,0,0,0,0,0,0,0,0,0,1,0,1
2590,122.0,1,1,1,1,1,0,0,0,0,0,1,0,0,0,0
2590,122.0,0,1,1,0,0,0,0,0,0,0,0,0,0,0,0
2590,122.0,0,1,1,0,0,0,0,0,0,0,0,0,0,0,0
3270,128.0,0,1,0,0,0,0,0,0,0,0,0,0,0,0,0
3270,128.0,0,1,1,1,0,0,0,0,0,0,0,0,0,0,1
3270,128.0,0,1,0,0,0,0,0,0,0,0,0,1,1,0,1
3270,128.0,0,1,0,0,0,0,0,0,0,0,0,0,0,0,0
3270,128.0,1,1,0,0,0,0,0,0,0,0,1,0,0,0,0
3270,128.0,1,1,1,0,1,0,0,1,0,0,1,1,1,0,1
3270,128.0,0,1,0,0,0,0,0,0,0,0,1,0,0,0,0
3270,128.0,1,1,1,0,1,1,0,0,0,0,1,0,1,0,1
3270,128.0,1,1,1,0,0,0,0,0,0,0,0,1,0,0,0
3270,128.0,1,1,1,0,0,0,0,0,0,0,0,1,0,0,0
3270,128.0,1,1,1,0,1,1,0,0,0,0,0,0,1,0,1
3480,120.0,1,1,1,1,1,0,0,1,0,1,1,1,1,0,1
3480,120.0,1,1,0,0,0,0,0,0,0,0,0,0,1,0,0
3480,120.0,1,1,0,1,0,0,0,0,0,0,1,0,0,0,1
3480,120.0,0,1,0,0,0,0,0,0,0,0,0,0,0,0,0
3480,120.0,1,0,0,0,0,0,0,0,0,0,0,0,0,0,0
3480,120.0,0,1,1,1,0,0,0,0,0,0,0,0,0,0,1
3480,120.0,1,1,1,1,1,0,0,0,0,0,0,0,0,0,1
3480,120.0,0,1,0,0,0,0,0,0,0,0,1,0,0,0,0
3480,120.0,1,1,0,0,0,1,0,1,0,0,1,0,0,0,0
3480,120.0,0,1,0,0,0,0,0,0,0,0,0,0,0,0,0
3480,120.0,1,1,1,1,1,1,0,0,0,0,1,1,1,0,0
3480,120.0,0,1,0,0,0,0,0,0,0,0,0,0,0,0,1
2240,110.0,0,1,0,0,0,0,0,0,0,0,0,0,0,0,0
2240,110.0,1,1,0,0,1,0,0,0,0,0,0,0,0,0,1
2240,110.0,0,0,0,0,0,0,0,0,0,0,0,0,0,0,1
2240,110.0,0,1,0,0,0,0,0,0,0,0,0,0,0,0,0
2240,110.0,1,1,1,0,0,0,0,1,0,0,1,0,0,0,0
2240,110.0,1,1,0,0,0,0,0,1,0,0,1,0,0,0,0
2240,110.0,0,1,0,0,0,0,0,1,0,0,0,0,0,0,1
2240,110.0,0,1,0,0,0,0,0,0,0,0,0,0,0,0,1
2240,110.0,0,1,0,0,0,0,0,0,0,0,0,0,0,0,1
2240,110.0,0,1,0,0,0,0,0,0,0,0,0,0,0,0,0
2240,110.0,1,1,1,0,1,0,0,1,0,0,1,0,0,0,0
2240,110.0,1,1,1,1,1,1,0,0,0,0,0,0,1,0,0
2240,110.0,0,1,0,0,0,0,0,0,0,0,0,1,1,0,1
2140,81.0,0,0,1,0,0,0,0,0,0,0,0,0,0,0,0
2140,81.0,0,1,0,0,0,0,0,0,0,0,0,0,0,0,0
2140,81.0,0,1,0,0,0,0,0,0,0,0,0,0,0,0,0
2140,81.0,0,0,0,0,0,0,0,0,0,0,0,0,0,0,1
2140,81.0,0,1,0,0,0,0,0,0,0,0,0,0,0,0,0
2140,81.0,1,0,0,0,0,0,0,0,0,0,0,0,0,0,0
2140,81.0,0,1,1,1,1,0,0,0,0,0,1,0,1,0,1
2140,81.0,1,1,0,0,0,0,0,0,0,0,1,0,0,0,0
2140,81.0,0,0,0,0,0,0,0,0,0,0,0,1,1,0,1
2140,81.0,1,0,0,0,0,0,0,0,0,0,0,0,1,0,0
2490,120.0,1,1,0,0,0,0,0,0,0,0,1,1,0,0,0
2490,120.0,1,1,1,1,1,1,0,0,0,0,0,0,0,0,0
2490,120.0,1,1,0,1,0,0,0,0,0,0,0,1,0,0,0
2490,120.0,0,1,0,0,0,1,0,0,0,1,0,0,0,0,0
2490,120.0,0,1,0,0,1,0,0,0,0,0,1,0,0,0,1
2490,120.0,0,1,0,0,0,0,0,0,0,0,0,0,1,0,1
2490,120.0,0,0,0,0,0,0,0,0,0,0,0,0,0,0,1
2490,120.0,0,1,0,0,0,0,0,0,0,1,0,0,0,0,0
2490,120.0,0,0,0,0,0,0,0,0,0,0,0,0,1,0,1
2490,120.0,1,0,0,0,0,0,0,0,0,0,0,0,0,0,0
2490,120.0,1,1,0,0,1,0,0,1,0,1,1,0,0,0,0
2490,120.0,0,1,1,0,0,0,0,0,0,0,0,0,0,0,0
2490,120.0,0,0,0,1,0,0,0,0,0,0,0,0,0,0,1
1690,49.0,1,1,1,0,0,0,0,1,0,0,1,0,0,0,0
1690,49.0,0,1,0,0,0,0,0,0,0,0,0,0,0,0,0
1690,49.0,0,0,0,0,0,0,0,0,0,0,0,0,0,0,1
1690,49.0,0,0,0,0,0,0,0,0,0,0,0,0,0,0,1
1690,49.0,0,1,0,0,0,0,0,0,0,0,0,0,0,0,0
1690,49.0,1,1,0,0,0,0,0,0,0,0,0,0,0,0,0
1690,49.0,0,1,0,0,0,0,0,0,0,0,0,0,0,0,0
1690,49.0,0,0,0,0,0,0,0,0,0,0,0,0,0,0,1
1690,49.0,1,1,1,1,1,0,0,1,0,0,1,1,1,0,0
1690,49.0,1,1,1,0,1,0,0,0,0,0,1,0,0,0,1
4760,170.0,0,1,0,0,0,0,0,0,0,0,0,0,1,0,0
4760,170.0,0,1,0,0,0,0,0,0,0,0,0,0,0,0,0
4760,170.0,0,0,0,0,0,0,0,0,0,0,1,0,0,0,1
4760,170.0,0,0,0,0,0,0,0,0,0,0,1,0,0,0,1
4760,170.0,0,1,0,0,0,0,0,0,0,0,0,0,0,0,0
4760,170.0,1,1,1,1,1,0,0,0,0,0,0,0,0,0,1
4760,170.0,0,0,0,0,0,0,0,0,0,0,1,0,0,0,1
4760,170.0,0,0,0,0,0,0,0,0,0,0,0,0,0,0,1
4760,170.0,0,1,0,0,0,0,0,0,0,0,0,0,0,0,0
4760,170.0,0,0,0,0,1,0,0,0,0,0,0,0,0,0,0
4760,170.0,1,1,0,0,1,0,0,0,0,0,0,0,0,0,0
4760,170.0,0,1,1,0,1,1,0,1,0,1,0,1,1,0,1
4760,170.0,0,1,1,0,1,0,0,0,0,0,0,0,1,0,0
4760,170.0,1,1,0,0,0,1,0,1,0,0,1,0,0,0,0
4760,170.0,0,1,0,0,0,0,0,0,0,0,0,0,0,0,0
4760,170.0,0,1,0,0,0,0,0,0,0,0,0,0,0,0,0
4760,170.0,0,0,0,0,1,0,0,0,0,0,0,0,0,0,0
2110,97.0,0,0,0,0,0,0,0,0,0,0,0,0,0,0,1
2110,97.0,0,1,0,0,0,0,0,0,0,0,0,0,0,0,0
2110,97.0,1,0,0,0,0,0,0,0,0,0,1,0,0,0,0
2110,97.0,0,1,0,0,0,0,0,1,0,0,0,0,0,0,0
2110,97.0,0,1,0,0,1,0,0,0,0,0,0,1,1,0,1
2110,97.0,1,1,1,1,1,0,0,0,0,0,1,1,1,0,1
2110,97.0,0,1,0,0,0,0,0,0,0,0,1,0,1,0,1
2110,97.0,0,1,0,0,1,0,0,0,0,0,1,0,1,0,1
2110,97.0,0,1,0,0,1,0,0,0,0,0,1,0,1,0,1
2110,97.0,1,1,1,0,1,0,0,0,0,0,1,0,0,0,0
2110,97.0,1,1,0,0,1,0,0,0,0,0,1,1,1,0,1
2110,97.0,0,1,0,0,0,0,0,0,0,0,0,1,0,0,0
2110,97.0,0,1,0,0,0,0,0,1,0,0,0,0,0,0,0
2110,97.0,0,0,0,0,0,0,0,0,0,0,0,0,0,0,1
2110,97.0,1,1,1,0,1,0,0,0,0,0,1,0,1,0,1
1750,92.0,1,1,1,0,1,0,0,1,0,0,0,0,0,0,0
1750,92.0,0,0,0,0,0,0,0,0,0,0,0,0,0,0,1
1750,92.0,0,0,0,0,0,1,0,0,0,0,0,0,0,0,1
1750,92.0,1,1,0,0,0,0,0,0,0,0,0,0,0,0,1
1750,92.0,0,1,0,0,1,0,0,0,0,0,0,0,0,0,1
1750,92.0,1,1,0,0,1,0,0,0,0,0,1,0,0,0,0
1750,92.0,0,1,1,0,1,0,0,0,0,0,0,0,0,0,0
1750,92.0,0,1,0,0,0,0,0,0,0,0,0,0,0,0,1
1750,92.0,1,1,0,1,0,0,0,0,0,0,1,1,1,0,1
1750,92.0,1,1,0,0,0,0,0,0,0,0,0,0,0,0,1
1750,92.0,0,1,0,0,1,0,0,1,0,0,1,0,1,0,1
1750,92.0,0,1,0,1,1,0,0,0,0,0,1,1,1,0,0
2540,124.0,0,1,0,0,0,0,0,0,0,0,0,0,0,0,0
2540,124.0,0,1,0,0,0,0,0,0,0,0,0,0,0,0,0
2540,124.0,0,1,0,1,1,1,0,1,0,1,0,0,0,0,0
2540,124.0,0,1,0,0,0,0,0,0,0,0,1,0,0,0,0
2540,124.0,1,1,1,0,1,1,0,1,0,1,1,1,1,1,1
2540,124.0,1,1,1,1,1,0,0,1,0,0,1,1,1,0,1
2540,124.0,0,0,0,0,0,0,0,0,0,0,0,0,0,0,1
2540,124.0,0,1,0,0,0,0,1,0,0,0,0,0,0,0,1
2540,124.0,0,1,0,0,0,0,1,0,0,0,0,0,0,0,1
2540,124.0,0,1,0,0,0,0,1,0,0,0,0,0,0,0,1
2540,124.0,0,1,0,0,0,0,1,0,0,0,0,0,0,0,1
2540,124.0,0,1,0,0,0,0,0,0,0,0,0,0,0,0,0
2540,124.0,1,1,0,0,0,0,0,0,0,0,0,0,0,0,0
2540,124.0,1,1,0,0,1,0,0,0,0,0,0,0,0,0,0
4480,150.0,1,1,1,0,1,0,0,1,0,0,1,1,0,0,0
4480,150.0,0,0,0,0,0,0,0,0,0,0,0,0,0,0,1
4480,150.0,1,1,0,0,1,0,0,0,0,0,0,0,1,0,1
4480,150.0,0,0,0,0,1,0,0,0,0,0,0,0,0,0,0
4480,150.0,0,1,0,0,0,0,0,0,0,0,0,0,0,0,1
4480,150.0,0,1,0,0,0,1,0,0,0,0,0,0,1,0,1
4480,150.0,0,0,0,0,0,1,0,0,0,0,0,0,0,0,1
4480,150.0,1,0,0,0,1,0,0,0,0,0,0,0,0,0,0
4480,150.0,0,1,0,1,0,0,0,0,0,0,0,0,0,0,0
4480,150.0,1,1,0,0,1,1,0,0,0,0,1,1,1,0,1
4480,150.0,1,1,0,0,1,1,0,0,0,0,1,1,1,0,1
4480,150.0,0,0,0,0,0,0,0,0,0,0,0,0,0,0,1
4480,150.0,0,0,0,0,0,0,0,0,0,0,0,0,0,0,1
4480,150.0,1,1,1,0,0,0,0,0,0,0,1,1,1,0,0
4480,150.0,1,0,0,0,0,0,0,0,0,0,0,0,0,0,0
4480,150.0,0,1,0,0,0,0,0,0,0,0,0,1,0,0,0
4480,150.0,0,1,0,0,0,0,0,0,0,0,0,0,0,0,0
3590,102.0,1,1,1,1,1,0,0,0,0,1,1,1,1,0,0
3590,102.0,1,1,0,1,0,0,0,0,0,0,0,0,0,0,0
3590,102.0,0,0,0,0,0,0,0,0,0,0,0,0,0,0,1
3590,102.0,1,1,0,0,0,0,0,0,0,0,0,0,0,0,0
3590,102.0,1,1,1,1,1,0,0,1,0,0,1,0,0,0,0
3590,102.0,0,1,0,0,0,0,0,0,0,0,0,0,0,0,0
3590,102.0,0,1,0,0,0,0,0,0,0,0,0,0,0,0,0
3590,102.0,0,1,1,0,0,0,0,0,0,0,0,0,0,0,1
3590,102.0,1,1,1,1,0,0,0,1,0,0,1,1,0,0,1
3590,102.0,0,0,0,0,0,0,0,0,0,0,0,0,0,0,1
3590,102.0,1,1,0,1,1,0,0,1,0,0,0,0,0,0,0
3590,102.0,0,0,0,0,0,0,0,0,0,0,0,0,1,0,0
4060,140.0,0,0,0,1,0,0,0,0,0,0,0,0,0,0,1
4060,140.0,0,1,0,0,0,0,0,0,0,0,0,0,0,0,1
4060,140.0,0,1,0,0,0,0,0,0,0,0,0,0,1,0,0
4060,140.0,0,0,0,0,1,0,0,0,0,0,0,0,0,0,0
4060,140.0,0,0,0,0,0,1,0,1,0,0,0,0,0,0,0
4060,140.0,0,1,0,0,0,1,0,0,0,0,0,0,0,0,0
4060,140.0,1,1,1,1,0,0,0,0,0,0,1,0,1,0,0
4060,140.0,0,1,1,1,1,1,0,1,0,0,1,0,0,0,0
4060,140.0,0,0,0,0,0,0,0,0,0,0,0,0,0,0,1
4060,140.0,0,1,0,0,0,1,0,0,0,0,0,0,0,0,0
4060,140.0,0,1,0,0,0,1,0,0,0,0,0,0,0,0,0
4060,140.0,0,1,0,0,0,1,0,0,0,0,0,0,0,0,0
4060,140.0,0,1,0,0,1,1,0,0,0,0,0,1,1,0,1
2210,93.0,1,1,1,1,1,0,0,1,0,0,1,1,0,0,1
2210,93.0,1,1,1,1,1,0,1,1,0,0,1,1,1,0,1
2210,93.0,1,1,1,1,0,1,0,1,0,0,0,0,0,0,0
2210,93.0,1,1,1,0,1,0,0,1,0,0,1,0,0,0,0
2210,93.0,0,1,0,0,1,0,0,0,0,0,0,0,0,0,1
2210,93.0,1,1,1,1,1,0,0,0,0,0,1,1,1,0,1
2210,93.0,0,1,1,0,0,0,0,0,0,0,0,0,0,0,0
2210,93.0,0,1,0,0,0,0,0,0,0,0,0,0,0,0,0
2210,93.0,0,1,0,0,0,0,0,0,0,0,0,0,0,0,0
2210,93.0,0,1,0,0,0,1,0,0,0,0,1,0,0,0,0
2210,93.0,1,1,1,1,1,0,0,0,0,0,1,0,0,0,0
2610,38.0,0,1,0,0,0,0,0,0,0,0,0,0,0,0,0
2610,38.0,1,1,1,0,1,1,0,0,0,0,1,0,1,0,1
2610,38.0,1,1,0,0,0,0,1,0,0,0,1,1,0,0,0
2610,38.0,0,1,0,0,0,0,0,1,0,0,0,0,0,0,0
2610,38.0,0,0,0,0,0,0,0,0,0,0,0,0,1,0,1
2610,38.0,0,1,0,1,0,0,0,0,0,0,0,0,0,0,0
2610,38.0,0,1,1,0,1,0,0,0,0,0,0,0,0,0,0
2610,38.0,0,1,0,0,0,0,0,0,0,0,0,0,0,0,0
2610,38.0,1,1,0,0,1,1,0,0,0,0,1,1,1,0,1
2610,38.0,1,1,1,1,1,1,0,1,0,0,1,0,1,0,1
2610,38.0,1,1,0,0,1,0,0,0,0,1,0,1,1,1,1
2610,38.0,1,1,0,0,1,0,0,0,0,1,0,1,1,1,1
2610,38.0,1,1,1,0,1,0,0,0,0,0,1,0,1,0,1
2610,38.0,1,1,1,1,1,0,0,1,0,1,0,1,1,0,1
2610,38.0,1,1,0,0,1,1,0,0,0,0,0,0,0,0,1
2730,121.0,1,1,0,0,0,1,0,0,0,0,0,0,0,0,0
2730,121.0,0,1,0,0,0,0,0,0,0,0,0,0,0,0,0
2730,121.0,1,1,1,0,1,0,0,0,0,0,0,0,0,0,1
2730,121.0,1,0,0,0,0,0,0,0,0,0,0,0,0,0,1
2730,121.0,1,1,0,1,0,0,0,0,0,0,1,0,0,0,0
2730,121.0,0,0,0,0,0,0,0,0,0,0,0,0,0,0,1
2730,121.0,0,1,0,0,0,0,0,0,0,0,0,1,1,0,1
2730,121.0,0,0,0,0,0,0,0,0,0,0,0,0,1,0,1
2730,121.0,0,1,0,0,0,0,0,0,0,0,0,0,0,0,0
2730,121.0,0,0,0,0,0,0,0,0,0,0,0,0,0,0,1
2730,121.0,0,1,0,0,0,1,0,0,0,0,0,0,0,0,1
2730,121.0,0,0,0,0,0,0,0,1,0,0,0,0,0,0,0
2730,121.0,1,1,0,0,0,0,0,0,0,0,1,1,1,0,0
2310,96.0,0,1,1,0,0,1,0,1,0,0,1,1,0,0,0
2310,96.0,1,1,0,0,0,1,0,0,0,0,1,1,1,0,1
2310,96.0,0,0,0,0,0,1,0,0,0,0,0,0,0,0,0
2310,96.0,1,0,0,0,0,0,0,0,0,0,0,0,0,0,0
2310,96.0,1,1,1,0,0,0,0,0,0,1,0,0,0,0,0
2310,96.0,1,1,0,0,1,1,0,0,0,0,0,0,0,0,0
2310,96.0,0,0,0,0,0,0,0,0,0,0,0,0,0,0,1
2310,96.0,1,1,1,0,1,0,0,0,0,0,1,0,1,1,0
2310,96.0,0,1,0,0,0,0,0,0,0,0,0,0,0,0,1
2310,96.0,1,0,0,0,0,0,0,0,0,1,1,1,1,0,0
2310,96.0,1,1,1,1,1,0,0,1,0,0,0,0,0,0,1
2310,96.0,1,1,0,0,1,0,0,0,0,0,0,0,0,0,0
4690,220.0,0,1,0,0,0,0,0,1,0,0,0,0,0,0,0
4690,220.0,0,0,0,0,0,0,0,0,0,0,0,0,0,0,1
4690,220.0,0,1,0,0,1,0,0,0,0,1,1,0,0,0,0
4690,220.0,1,1,1,0,1,1,0,0,0,0,0,1,1,0,0
4690,220.0,0,1,0,0,0,0,0,0,0,0,0,0,0,0,0
4690,220.0,0,0,0,0,0,0,0,0,0,1,0,0,0,0,0
4690,220.0,0,0,0,0,1,0,0,0,0,0,0,0,1,0,0
4690,220.0,0,0,0,0,0,0,0,0,0,0,0,0,0,0,1
4690,220.0,0,1,0,0,0,0,0,0,0,0,0,0,0,0,0
5390,300.0,0,1,0,0,0,0,0,0,0,0,0,0,0,0,1
5390,300.0,0,0,0,0,0,0,0,0,0,0,0,0,0,0,1
5390,300.0,1,1,0,1,0,0,0,0,0,0,0,1,0,0,1
5390,300.0,0,0,0,0,0,0,0,0,0,0,0,0,0,0,1
5390,300.0,1,1,1,1,1,0,0,0,0,0,1,1,1,0,0
5390,300.0,0,0,1,0,0,0,0,0,0,0,0,0,0,0,0
5390,300.0,1,1,0,0,0,1,0,0,0,0,0,1,0,0,1
5390,300.0,0,1,0,0,0,0,0,0,0,0,0,0,0,0,1
5390,300.0,1,1,1,1,0,0,0,0,0,0,0,1,0,0,0
5390,300.0,1,1,1,0,1,1,0,0,0,0,1,0,0,0,0
5390,300.0,0,1,0,0,0,0,0,0,0,0,0,0,0,0,0
5390,300.0,0,1,0,0,1,0,0,0,0,0,0,0,0,0,0
2130,85.0,0,1,1,0,0,0,0,0,0,0,0,0,0,0,0
2130,85.0,0,1,0,0,0,0,0,0,0,0,0,0,0,0,0
2130,85.0,0,0,0,0,0,1,0,0,0,0,0,0,0,0,0
2130,85.0,0,0,0,0,0,0,0,0,0,0,0,0,0,0,1
2130,85.0,1,1,1,0,1,0,0,0,0,0,1,1,1,0,1
2130,85.0,0,0,0,0,0,0,0,0,0,0,1,0,0,0,1
2130,85.0,0,0,0,0,0,0,0,0,0,0,0,0,0,0,1
2130,85.0,0,1,0,1,0,0,0,0,0,0,0,0,0,0,0
2130,85.0,1,1,0,0,0,0,0,0,0,0,0,0,0,0,1
2130,85.0,1,1,0,0,0,0,0,0,0,0,0,0,0,0,0
2130,85.0,0,0,0,0,0,0,0,0,0,0,0,0,0,0,1
2130,85.0,1,1,1,0,0,0,0,0,0,0,1,1,0,0,0
2460,118.0,1,1,0,0,0,0,0,0,0,1,1,0,1,0,1
2460,118.0,0,1,0,0,0,0,0,0,0,0,1,0,0,0,1
2460,118.0,0,1,0,0,0,0,0,0,0,0,0,0,0,0,0
2460,118.0,0,1,0,0,0,0,0,0,0,0,0,0,0,0,0
2460,118.0,0,1,0,0,0,0,0,0,0,0,1,0,0,0,0
2460,118.0,0,1,0,0,0,0,0,0,0,0,0,0,0,0,0
2460,118.0,1,1,1,1,1,0,0,1,0,0,1,1,1,0,1
2460,118.0,1,1,1,1,1,0,0,1,0,0,0,1,1,0,0
2460,118.0,0,1,0,0,0,0,0,1,0,0,1,0,1,0,1
4340,220.0,0,1,0,0,0,0,0,0,0,0,0,0,0,0,1
4340,220.0,1,1,1,0,1,0,0,0,0,0,1,1,0,0,0
4340,220.0,1,1,0,0,0,0,0,0,0,0,1,0,0,0,0
4340,220.0,1,0,0,0,0,0,0,0,0,0,0,0,0,0,0
4340,220.0,1,1,0,0,0,0,0,0,0,0,0,0,0,0,1
4340,220.0,0,1,0,0,1,0,0,0,0,0,1,0,1,0,1
4340,220.0,0,1,0,0,0,0,0,0,0,0,0,0,0,0,0
4340,220.0,0,0,1,0,0,0,0,0,0,0,0,0,0,0,0
4340,220.0,0,0,0,0,0,0,0,0,0,0,0,0,0,0,1
4340,220.0,0,1,0,0,0,0,0,0,0,0,0,0,0,0,0
4340,220.0,1,1,1,1,1,0,0,0,0,0,1,0,0,0,1
4340,220.0,1,1,0,0,1,0,0,1,0,0,1,0,0,0,0
4340,220.0,0,1,0,0,0,0,0,1,0,0,1,0,1,0,0
4340,220.0,0,1,0,0,0,0,0,0,0,0,0,0,0,0,1
2520,140.0,0,1,0,0,0,0,0,0,0,0,1,0,1,0,0
2520,140.0,1,1,0,1,1,0,0,0,0,0,1,0,0,0,0
2520,140.0,1,1,0,0,0,1,0,1,0,0,0,0,0,0,0
2520,140.0,1,1,1,1,1,0,0,1,0,1,0,1,1,0,0
2520,140.0,0,0,0,0,0,0,0,0,0,0,1,0,1,0,1
2520,140.0,0,1,0,0,0,0,0,0,0,0,0,0,0,0,0
2520,140.0,0,1,0,0,0,0,0,0,0,0,1,0,1,0,0
2520,140.0,1,1,1,0,1,0,0,0,0,0,1,0,0,0,1
2520,140.0,0,0,0,0,0,0,0,0,0,0,0,0,0,0,1
3920,122.0,1,1,0,0,0,0,0,0,0,0,1,0,0,0,0
3920,122.0,1,1,0,0,1,0,0,0,0,0,0,0,1,0,1
3920,122.0,0,0,0,0,0,1,0,0,0,0,0,0,0,0,0
3920,122.0,1,1,0,0,0,0,0,0,0,0,0,0,0,0,0
3920,122.0,1,1,0,0,1,0,0,0,0,0,1,0,1,0,0
3920,122.0,1,0,0,0,0,0,0,0,0,0,0,1,0,0,0
3920,122.0,1,1,0,0,0,1,0,1,0,0,1,1,1,0,1
3920,122.0,1,1,0,0,0,0,0,0,0,0,0,0,0,0,0
3920,122.0,0,0,0,0,0,0,0,0,0,0,0,0,1,0,0
3920,122.0,0,1,0,0,0,0,0,0,0,0,0,0,0,0,1
3920,122.0,0,1,0,0,0,0,0,0,0,0,0,0,0,0,0
3920,122.0,0,1,1,0,1,1,0,0,0,0,0,0,1,0,0
3920,122.0,1,1,1,0,1,1,1,1,0,0,0,0,0,0,1
3920,122.0,0,1,0,0,0,0,0,0,0,0,0,0,0,0,0
3920,122.0,0,1,0,0,1,0,0,0,0,0,1,1,1,0,1
3850,140.0,0,0,0,0,0,1,0,1,0,0,0,0,0,0,0
3850,140.0,0,1,0,0,0,0,0,0,0,0,0,0,1,0,1
3850,140.0,0,1,0,0,0,0,0,0,0,0,0,0,0,0,0
3850,140.0,0,0,0,0,0,0,0,1,0,0,0,0,0,0,0
3850,140.0,0,1,0,0,0,0,0,0,0,0,0,0,0,0,0
3850,140.0,0,1,0,0,0,0,0,0,0,0,0,0,0,0,0
3850,140.0,0,1,0,0,1,0,0,0,0,1,0,0,1,0,1
3850,140.0,0,1,0,0,0,0,0,0,0,0,0,0,0,0,0
3850,140.0,0,0,0,0,0,0,0,0,0,1,1,0,0,0,1
3850,140.0,0,1,0,0,0,0,0,0,0,0,0,0,0,0,0
3850,140.0,1,0,0,0,0,0,0,0,0,0,0,0,0,0,0
3850,140.0,1,1,1,0,0,0,0,1,0,1,1,0,0,0,0
3850,140.0,1,1,0,0,0,0,1,0,0,0,1,0,0,0,1
5810,121.0,0,1,0,0,0,0,0,0,0,0,0,0,0,0,0
5810,121.0,0,1,0,1,0,0,0,0,0,0,0,0,0,0,0
5810,121.0,0,0,0,0,0,0,0,1,0,0,0,0,0,0,1
5810,121.0,0,1,0,0,0,0,0,1,0,0,0,1,0,0,0
5810,121.0,0,0,0,0,0,0,0,0,0,0,0,0,1,0,0
5810,121.0,0,1,0,0,1,1,0,0,0,0,1,1,0,0,0
5810,121.0,1,1,1,1,1,0,0,1,0,0,1,1,0,0,0
5810,121.0,1,1,1,0,1,1,0,0,0,0,0,0,1,0,0
5810,121.0,1,1,0,0,1,1,0,0,0,0,1,0,1,0,0
6270,150.0,1,1,0,0,1,1,0,0,0,0,1,0,1,0,0
6270,150.0,0,1,0,0,0,0,0,0,0,0,0,0,1,0,0
6270,150.0,1,1,1,0,1,1,0,1,0,0,1,0,1,0,1
6270,150.0,1,1,1,0,1,0,0,0,0,0,1,0,1,0,0
6270,150.0,0,1,1,0,0,0,0,0,0,0,0,0,0,0,0
6270,150.0,0,1,0,0,0,0,0,0,0,0,0,0,0,0,0
6270,150.0,0,0,0,0,0,0,0,0,0,0,1,1,1,0,1
6270,150.0,0,1,0,0,0,0,0,1,0,0,0,1,0,0,0
6270,150.0,0,1,0,0,0,0,0,0,0,0,0,0,0,0,0
6270,150.0,0,1,0,0,1,1,0,1,0,0,0,0,0,0,0
6270,150.0,0,1,0,0,0,0,0,0,0,0,0,0,0,0,0
6270,150.0,0,0,0,0,0,0,0,0,0,0,0,0,1,0,0
3770,150.0,0,1,1,1,1,1,0,1,0,0,1,0,0,0,0
3770,150.0,0,1,0,0,0,0,0,0,0,0,0,0,0,0,1
3770,150.0,1,1,0,1,0,1,0,1,0,0,1,0,1,0,0
3770,150.0,0,1,1,1,1,0,0,1,0,0,0,0,0,0,1
3770,150.0,1,1,1,0,1,0,0,0,0,0,1,1,0,0,0
3770,150.0,0,1,0,0,0,0,0,0,0,0,0,1,0,0,1
3770,150.0,0,1,0,0,0,0,0,0,0,0,0,0,0,0,0
3770,150.0,0,1,0,0,0,0,0,0,0,0,1,0,1,0,0
3770,150.0,0,1,1,0,1,1,0,1,0,1,1,1,1,0,0
3770,150.0,0,1,0,0,0,0,0,0,0,0,1,1,1,0,0
1440,51.0,0,1,0,0,1,1,0,0,0,0,0,1,1,0,1
1440,51.0,1,1,0,1,1,1,0,0,0,1,1,1,1,0,1
1440,51.0,1,1,0,0,1,0,0,0,0,0,0,0,0,0,0
1440,51.0,1,1,0,0,0,0,0,0,0,0,0,0,0,0,1
1440,51.0,0,0,0,0,0,0,0,0,0,0,0,0,0,0,1
1440,51.0,1,0,0,0,0,0,0,1,0,0,0,0,0,0,1
1440,51.0,1,1,1,1,1,0,0,0,0,0,1,1,1,0,1
1440,51.0,1,1,0,0,1,0,0,0,0,0,1,0,0,0,0
1440,51.0,0,1,0,0,0,0,0,0,0,0,0,1,0,0,0
1440,51.0,1,1,1,0,0,0,0,0,0,0,1,1,1,0,0
1440,51.0,1,1,1,1,1,0,0,1,0,0,0,0,0,0,0
1440,51.0,1,1,0,0,1,0,0,0,0,0,0,0,0,0,1
1440,51.0,0,0,0,0,0,0,0,0,0,0,0,0,0,0,1
2550,69.0,0,1,0,1,1,1,0,1,0,1,0,0,0,0,0
2550,69.0,1,1,0,0,1,0,0,1,0,0,1,0,0,0,0
2550,69.0,1,0,0,0,0,1,0,0,0,0,0,0,0,0,0
2550,69.0,0,1,0,0,0,0,0,0,0,0,0,1,0,0,0
2550,69.0,0,0,0,0,0,1,0,0,0,0,0,0,0,0,0
2550,69.0,1,1,0,0,1,0,0,0,0,0,0,0,0,0,0
2550,69.0,0,0,0,0,0,0,0,0,0,0,0,0,0,0,1
2550,69.0,1,1,0,0,0,0,1,0,0,0,1,0,0,0,0
2550,69.0,1,1,0,0,0,0,0,0,0,0,1,0,0,0,1
2550,69.0,0,0,0,0,0,0,0,0,0,0,0,0,0,0,1
4550,220.0,0,1,0,0,0,0,0,0,0,0,0,0,0,0,0
4550,220.0,1,1,1,0,0,0,0,0,0,0,1,1,1,0,1
4550,220.0,0,1,0,0,0,0,0,0,0,0,0,0,0,0,0
4550,220.0,0,1,0,0,0,0,0,0,0,0,1,1,1,0,0
4550,220.0,1,1,1,1,1,0,0,0,0,0,0,0,0,0,1
4550,220.0,1,1,0,0,1,0,0,0,0,0,1,0,0,0,0
4550,220.0,1,0,1,0,0,0,0,0,0,0,0,1,0,0,0
4550,220.0,1,1,0,1,0,0,0,0,0,0,1,1,1,0,1
4550,220.0,1,1,0,0,1,0,0,0,0,1,0,0,0,0,0
4550,220.0,0,0,0,0,0,0,0,0,0,0,0,0,1,0,0
4550,220.0,1,1,0,0,0,0,0,1,0,0,0,0,0,0,1
4550,220.0,0,0,0,0,0,0,0,0,0,0,0,0,0,0,1
